timestamp_utc,run_id,route,model,true_label,pred_class,pred_conf,latency_ms,status,error_msg
2026-02-11T14:31:44.670744+00:00,20260211_143126_rollout_20,A,champion_T4,0,0,0.9754132032394409,30.046700001548743,ok,
2026-02-11T14:31:44.705181+00:00,20260211_143126_rollout_20,B,candidate_T7,0,0,0.9997503161430359,30.800500000623288,ok,
2026-02-11T14:31:44.736549+00:00,20260211_143126_rollout_20,A,champion_T4,0,0,0.9560971260070801,28.447400000004563,ok,
2026-02-11T14:31:44.763506+00:00,20260211_143126_rollout_20,A,champion_T4,0,0,0.8202292323112488,23.63830000103917,ok,
2026-02-11T14:31:44.788730+00:00,20260211_143126_rollout_20,A,champion_T4,0,0,0.8033175468444824,22.598499999730848,ok,
2026-02-11T14:31:44.820878+00:00,20260211_143126_rollout_20,A,champion_T4,0,0,0.9928991794586182,28.405100001691608,ok,
2026-02-11T14:31:44.847069+00:00,20260211_143126_rollout_20,A,champion_T4,0,0,0.8965749144554138,23.506800000177464,ok,
2026-02-11T14:31:44.874675+00:00,20260211_143126_rollout_20,B,candidate_T7,0,0,0.9980897307395935,24.531600000045728,ok,
2026-02-11T14:31:44.902208+00:00,20260211_143126_rollout_20,A,champion_T4,0,1,0.8038113117218018,24.183400000765687,ok,
2026-02-11T14:31:44.929386+00:00,20260211_143126_rollout_20,B,candidate_T7,0,0,0.9979857206344604,24.026799997955095,ok,
2026-02-11T14:31:44.955107+00:00,20260211_143126_rollout_20,A,champion_T4,0,0,0.9974234104156494,23.129699999117292,ok,
2026-02-11T14:31:44.979120+00:00,20260211_143126_rollout_20,A,champion_T4,0,1,0.7414318919181824,21.597099999780767,ok,
2026-02-11T14:31:45.008628+00:00,20260211_143126_rollout_20,B,candidate_T7,0,0,0.999617338180542,26.371199997811345,ok,
2026-02-11T14:31:45.034798+00:00,20260211_143126_rollout_20,B,candidate_T7,0,0,0.9969979524612427,23.199499999464024,ok,
2026-02-11T14:31:45.059920+00:00,20260211_143126_rollout_20,A,champion_T4,0,1,0.94939786195755,21.97090000117896,ok,
2026-02-11T14:31:45.084348+00:00,20260211_143126_rollout_20,A,champion_T4,0,0,0.9928425550460815,21.850700002687518,ok,
2026-02-11T14:31:45.111053+00:00,20260211_143126_rollout_20,A,champion_T4,0,1,0.9991984963417053,24.043199999141507,ok,
2026-02-11T14:31:45.137158+00:00,20260211_143126_rollout_20,A,champion_T4,0,0,0.954382061958313,22.78630000000703,ok,
2026-02-11T14:31:45.162062+00:00,20260211_143126_rollout_20,A,champion_T4,0,0,0.993601381778717,22.35149999978603,ok,
2026-02-11T14:31:45.188273+00:00,20260211_143126_rollout_20,B,candidate_T7,0,0,0.9998059868812561,23.47630000076606,ok,
2026-02-11T14:31:45.213086+00:00,20260211_143126_rollout_20,A,champion_T4,0,1,0.7009018659591675,22.17439999731141,ok,
2026-02-11T14:31:45.239302+00:00,20260211_143126_rollout_20,A,champion_T4,0,0,0.996548593044281,23.375000000669388,ok,
2026-02-11T14:31:45.266295+00:00,20260211_143126_rollout_20,A,champion_T4,0,0,0.8150442242622375,24.171900000510504,ok,
2026-02-11T14:31:45.292150+00:00,20260211_143126_rollout_20,B,candidate_T7,0,0,0.9979732632637024,23.480500000005122,ok,
2026-02-11T14:31:45.317189+00:00,20260211_143126_rollout_20,A,champion_T4,0,0,0.9837675094604492,22.001699999236735,ok,
2026-02-11T14:31:45.340852+00:00,20260211_143126_rollout_20,A,champion_T4,0,0,0.9770431518554688,21.093999999720836,ok,
2026-02-11T14:31:45.364608+00:00,20260211_143126_rollout_20,B,candidate_T7,0,0,0.9981491565704346,21.28479999737465,ok,
2026-02-11T14:31:45.389136+00:00,20260211_143126_rollout_20,B,candidate_T7,0,0,0.99996018409729,21.849200002179714,ok,
2026-02-11T14:31:45.417565+00:00,20260211_143126_rollout_20,A,champion_T4,0,0,0.5288200974464417,25.570599998900434,ok,
2026-02-11T14:31:45.446499+00:00,20260211_143126_rollout_20,A,champion_T4,0,0,0.9879978895187378,25.69029999722261,ok,
2026-02-11T14:31:45.473449+00:00,20260211_143126_rollout_20,A,champion_T4,0,1,0.5929219126701355,24.028499999985797,ok,
2026-02-11T14:31:45.499877+00:00,20260211_143126_rollout_20,A,champion_T4,0,0,0.9097904562950134,23.888600000645965,ok,
2026-02-11T14:31:45.526379+00:00,20260211_143126_rollout_20,A,champion_T4,0,0,0.9762732982635498,23.968400000740075,ok,
2026-02-11T14:31:45.553542+00:00,20260211_143126_rollout_20,A,champion_T4,0,0,0.9841603636741638,24.520500002836343,ok,
2026-02-11T14:31:45.580259+00:00,20260211_143126_rollout_20,A,champion_T4,0,0,0.9882209300994873,24.167499999748543,ok,
2026-02-11T14:31:45.608721+00:00,20260211_143126_rollout_20,A,champion_T4,0,1,0.7288047075271606,26.029799999378156,ok,
2026-02-11T14:31:45.633745+00:00,20260211_143126_rollout_20,A,champion_T4,0,0,0.9937629103660583,21.72969999810448,ok,
2026-02-11T14:31:45.658232+00:00,20260211_143126_rollout_20,A,champion_T4,0,0,0.9813713431358337,21.650900001986884,ok,
2026-02-11T14:31:45.688485+00:00,20260211_143126_rollout_20,A,champion_T4,0,0,0.9679848551750183,27.092200001789024,ok,
2026-02-11T14:31:45.717050+00:00,20260211_143126_rollout_20,A,champion_T4,0,0,0.9793899655342102,25.36619999955292,ok,
2026-02-11T14:31:45.745064+00:00,20260211_143126_rollout_20,A,champion_T4,0,1,0.9608290195465088,25.13589999944088,ok,
2026-02-11T14:31:45.772968+00:00,20260211_143126_rollout_20,B,candidate_T7,0,0,0.9995201826095581,25.389599999471102,ok,
2026-02-11T14:31:45.802441+00:00,20260211_143126_rollout_20,A,champion_T4,0,1,0.5935938954353333,26.94310000151745,ok,
2026-02-11T14:31:45.829346+00:00,20260211_143126_rollout_20,A,champion_T4,0,0,0.9958903193473816,24.50739999767393,ok,
2026-02-11T14:31:45.856960+00:00,20260211_143126_rollout_20,B,candidate_T7,0,0,0.9941986799240112,25.06109999740147,ok,
2026-02-11T14:31:45.883632+00:00,20260211_143126_rollout_20,A,champion_T4,0,1,0.9951400756835938,24.16810000067926,ok,
2026-02-11T14:31:45.911423+00:00,20260211_143126_rollout_20,B,candidate_T7,0,0,0.9775570631027222,25.17950000037672,ok,
2026-02-11T14:31:45.938534+00:00,20260211_143126_rollout_20,A,champion_T4,0,1,0.807761549949646,24.596999999630498,ok,
2026-02-11T14:31:45.963937+00:00,20260211_143126_rollout_20,A,champion_T4,0,1,0.9764882326126099,22.865300001285505,ok,
2026-02-11T14:31:45.989734+00:00,20260211_143126_rollout_20,A,champion_T4,0,1,0.6196280121803284,23.39149999897927,ok,
2026-02-11T14:31:46.016195+00:00,20260211_143126_rollout_20,A,champion_T4,0,0,0.9267326593399048,23.208999999042135,ok,
2026-02-11T14:31:46.042765+00:00,20260211_143126_rollout_20,A,champion_T4,0,0,0.9003900289535522,23.96260000023176,ok,
2026-02-11T14:31:46.068831+00:00,20260211_143126_rollout_20,A,champion_T4,0,1,0.6185300946235657,23.542900002212264,ok,
2026-02-11T14:31:46.096787+00:00,20260211_143126_rollout_20,A,champion_T4,0,0,0.8850060701370239,24.759200001426507,ok,
2026-02-11T14:31:46.120232+00:00,20260211_143126_rollout_20,A,champion_T4,0,1,0.7149173617362976,21.0231000019121,ok,
2026-02-11T14:31:46.145738+00:00,20260211_143126_rollout_20,A,champion_T4,0,0,0.9608604907989502,22.925599998416146,ok,
2026-02-11T14:31:46.176672+00:00,20260211_143126_rollout_20,B,candidate_T7,0,0,0.9523229598999023,27.883699996891664,ok,
2026-02-11T14:31:46.203504+00:00,20260211_143126_rollout_20,A,champion_T4,0,1,0.7660802006721497,23.891600001661573,ok,
2026-02-11T14:31:46.230508+00:00,20260211_143126_rollout_20,B,candidate_T7,0,0,0.9577279686927795,24.495500001648907,ok,
2026-02-11T14:31:46.258164+00:00,20260211_143126_rollout_20,A,champion_T4,0,0,0.788494884967804,24.853900002199225,ok,
2026-02-11T14:31:46.284638+00:00,20260211_143126_rollout_20,A,champion_T4,0,0,0.940481960773468,24.04779999778839,ok,
2026-02-11T14:31:46.308922+00:00,20260211_143126_rollout_20,A,champion_T4,0,0,0.9239500164985657,21.7798000012408,ok,
2026-02-11T14:31:46.333283+00:00,20260211_143126_rollout_20,A,champion_T4,0,1,0.9138398170471191,21.312400000169873,ok,
2026-02-11T14:31:46.357589+00:00,20260211_143126_rollout_20,A,champion_T4,0,0,0.9924151301383972,21.832700000231853,ok,
2026-02-11T14:31:46.380719+00:00,20260211_143126_rollout_20,A,champion_T4,0,0,0.9580046534538269,20.624699998734286,ok,
2026-02-11T14:31:46.404887+00:00,20260211_143126_rollout_20,A,champion_T4,0,0,0.9727867841720581,21.300000000337604,ok,
2026-02-11T14:31:46.428256+00:00,20260211_143126_rollout_20,A,champion_T4,0,1,0.6089426875114441,20.803300001716707,ok,
2026-02-11T14:31:46.453396+00:00,20260211_143126_rollout_20,B,candidate_T7,0,0,0.981187641620636,22.738899999239948,ok,
2026-02-11T14:31:46.476981+00:00,20260211_143126_rollout_20,A,champion_T4,0,0,0.8031144738197327,21.234399999229936,ok,
2026-02-11T14:31:46.500577+00:00,20260211_143126_rollout_20,A,champion_T4,0,0,0.9833764433860779,20.919300000969088,ok,
2026-02-11T14:31:46.525297+00:00,20260211_143126_rollout_20,A,champion_T4,0,0,0.5355762243270874,22.376400000212016,ok,
2026-02-11T14:31:46.549710+00:00,20260211_143126_rollout_20,A,champion_T4,0,0,0.9026723504066467,22.080700000515208,ok,
2026-02-11T14:31:46.576705+00:00,20260211_143126_rollout_20,A,champion_T4,0,1,0.5682283639907837,23.90400000149384,ok,
2026-02-11T14:31:46.603189+00:00,20260211_143126_rollout_20,A,champion_T4,0,0,0.7723861336708069,23.617099999682978,ok,
2026-02-11T14:31:46.628684+00:00,20260211_143126_rollout_20,A,champion_T4,0,1,0.78535395860672,22.391200000129174,ok,
2026-02-11T14:31:46.655004+00:00,20260211_143126_rollout_20,A,champion_T4,0,0,0.9857814908027649,22.996299998339964,ok,
2026-02-11T14:31:46.681377+00:00,20260211_143126_rollout_20,A,champion_T4,0,0,0.890411913394928,23.252000002685236,ok,
2026-02-11T14:31:46.704333+00:00,20260211_143126_rollout_20,A,champion_T4,0,0,0.8352607488632202,20.22239999860176,ok,
2026-02-11T14:31:46.728198+00:00,20260211_143126_rollout_20,A,champion_T4,0,0,0.9988293051719666,21.21679999982007,ok,
2026-02-11T14:31:46.755141+00:00,20260211_143126_rollout_20,A,champion_T4,0,1,0.5882686972618103,24.020000000746222,ok,
2026-02-11T14:31:46.782135+00:00,20260211_143126_rollout_20,A,champion_T4,0,1,0.9404017329216003,24.542099999962375,ok,
2026-02-11T14:31:46.807851+00:00,20260211_143126_rollout_20,A,champion_T4,0,0,0.974407970905304,23.170899999968242,ok,
2026-02-11T14:31:46.836292+00:00,20260211_143126_rollout_20,A,champion_T4,0,0,0.7080962061882019,25.749599997652695,ok,
2026-02-11T14:31:46.862125+00:00,20260211_143126_rollout_20,A,champion_T4,0,0,0.9229423999786377,23.226299999805633,ok,
2026-02-11T14:31:46.887316+00:00,20260211_143126_rollout_20,A,champion_T4,0,0,0.6574026942253113,22.48920000056387,ok,
2026-02-11T14:31:46.911500+00:00,20260211_143126_rollout_20,A,champion_T4,0,0,0.9515359997749329,21.660899998096284,ok,
2026-02-11T14:31:46.934705+00:00,20260211_143126_rollout_20,A,champion_T4,0,0,0.9217227697372437,20.840599998336984,ok,
2026-02-11T14:31:46.960842+00:00,20260211_143126_rollout_20,A,champion_T4,0,1,0.5692759156227112,23.784400000295136,ok,
2026-02-11T14:31:46.989620+00:00,20260211_143126_rollout_20,B,candidate_T7,0,0,0.9910823106765747,25.880599998345133,ok,
2026-02-11T14:31:47.018040+00:00,20260211_143126_rollout_20,B,candidate_T7,0,0,0.9908175468444824,25.998100001743296,ok,
2026-02-11T14:31:47.046094+00:00,20260211_143126_rollout_20,B,candidate_T7,0,0,0.9973446726799011,25.285100000473903,ok,
2026-02-11T14:31:47.075120+00:00,20260211_143126_rollout_20,A,champion_T4,0,1,0.5846706628799438,26.67230000224663,ok,
2026-02-11T14:31:47.103741+00:00,20260211_143126_rollout_20,A,champion_T4,0,0,0.9539740681648254,26.322900001105154,ok,
2026-02-11T14:31:47.131269+00:00,20260211_143126_rollout_20,A,champion_T4,0,1,0.5926827788352966,25.203100001817802,ok,
2026-02-11T14:31:47.158859+00:00,20260211_143126_rollout_20,B,candidate_T7,0,0,0.9660717844963074,25.212200001988094,ok,
2026-02-11T14:31:47.185576+00:00,20260211_143126_rollout_20,A,champion_T4,0,0,0.8028221130371094,24.38809999875957,ok,
2026-02-11T14:31:47.213262+00:00,20260211_143126_rollout_20,A,champion_T4,0,0,0.5641816258430481,25.289500001235865,ok,
2026-02-11T14:31:47.239628+00:00,20260211_143126_rollout_20,A,champion_T4,0,1,0.7577853202819824,23.819100002583582,ok,
2026-02-11T14:31:47.265874+00:00,20260211_143126_rollout_20,A,champion_T4,0,1,0.6713024377822876,23.784700002579484,ok,
2026-02-11T14:31:47.291743+00:00,20260211_143126_rollout_20,A,champion_T4,0,1,0.6175761818885803,22.57879999888246,ok,
2026-02-11T14:31:47.317553+00:00,20260211_143126_rollout_20,B,candidate_T7,0,0,0.9934921860694885,23.089899998012697,ok,
2026-02-11T14:31:47.342222+00:00,20260211_143126_rollout_20,A,champion_T4,0,0,0.6016210317611694,21.82390000234591,ok,
2026-02-11T14:31:47.367426+00:00,20260211_143126_rollout_20,A,champion_T4,0,0,0.5343483686447144,22.66800000143121,ok,
2026-02-11T14:31:47.396918+00:00,20260211_143126_rollout_20,A,champion_T4,0,1,0.9011156558990479,26.620100001309766,ok,
2026-02-11T14:31:47.426392+00:00,20260211_143126_rollout_20,A,champion_T4,0,0,0.6367733478546143,25.87599999969825,ok,
2026-02-11T14:31:47.454038+00:00,20260211_143126_rollout_20,A,champion_T4,0,1,0.8744828701019287,24.80950000244775,ok,
2026-02-11T14:31:47.482735+00:00,20260211_143126_rollout_20,B,candidate_T7,0,0,0.9938887357711792,25.75789999900735,ok,
2026-02-11T14:31:47.510053+00:00,20260211_143126_rollout_20,A,champion_T4,0,0,0.9855676889419556,24.672600000485545,ok,
2026-02-11T14:31:47.538152+00:00,20260211_143126_rollout_20,A,champion_T4,0,0,0.536939799785614,25.69500000026892,ok,
2026-02-11T14:31:47.564856+00:00,20260211_143126_rollout_20,A,champion_T4,0,0,0.7348330616950989,24.209800001699477,ok,
2026-02-11T14:31:47.589776+00:00,20260211_143126_rollout_20,A,champion_T4,0,1,0.6549325585365295,21.78990000174963,ok,
2026-02-11T14:31:47.617543+00:00,20260211_143126_rollout_20,A,champion_T4,0,0,0.7847829461097717,24.6086999977706,ok,
2026-02-11T14:31:47.646437+00:00,20260211_143126_rollout_20,A,champion_T4,0,0,0.8830853700637817,25.93489999708254,ok,
2026-02-11T14:31:47.675151+00:00,20260211_143126_rollout_20,B,candidate_T7,0,0,0.9808084964752197,25.82819999952335,ok,
2026-02-11T14:31:47.703649+00:00,20260211_143126_rollout_20,A,champion_T4,0,0,0.8219321370124817,25.91260000190232,ok,
2026-02-11T14:31:47.736601+00:00,20260211_143126_rollout_20,A,champion_T4,0,1,0.7835453152656555,29.39640000113286,ok,
2026-02-11T14:31:47.764557+00:00,20260211_143126_rollout_20,A,champion_T4,0,1,0.8853621482849121,25.253599997085985,ok,
2026-02-11T14:31:47.791109+00:00,20260211_143126_rollout_20,A,champion_T4,0,1,0.9864252805709839,23.75430000029155,ok,
2026-02-11T14:31:47.819569+00:00,20260211_143126_rollout_20,A,champion_T4,0,1,0.9493405818939209,25.967199999286095,ok,
2026-02-11T14:31:47.847267+00:00,20260211_143126_rollout_20,B,candidate_T7,0,0,0.6922569870948792,25.193299999955343,ok,
2026-02-11T14:31:47.870802+00:00,20260211_143126_rollout_20,A,champion_T4,0,1,0.9086432456970215,20.765199999004835,ok,
2026-02-11T14:31:47.893743+00:00,20260211_143126_rollout_20,A,champion_T4,0,1,0.9895529747009277,20.319800001743715,ok,
2026-02-11T14:31:47.914943+00:00,20260211_143126_rollout_20,A,champion_T4,0,1,0.9697176218032837,18.701699998928234,ok,
2026-02-11T14:31:47.938277+00:00,20260211_143126_rollout_20,A,champion_T4,0,1,0.9403945207595825,21.048700000392273,ok,
2026-02-11T14:31:47.963549+00:00,20260211_143126_rollout_20,B,candidate_T7,0,0,0.5782262682914734,22.84689999942202,ok,
2026-02-11T14:31:48.015483+00:00,20260211_143126_rollout_20,A,champion_T4,0,0,0.9798731803894043,49.406900001486065,ok,
2026-02-11T14:31:48.042803+00:00,20260211_143126_rollout_20,B,candidate_T7,0,1,0.7771750092506409,24.606900002254406,ok,
2026-02-11T14:31:48.067482+00:00,20260211_143126_rollout_20,A,champion_T4,0,0,0.8522796630859375,22.003499998390907,ok,
2026-02-11T14:31:48.091907+00:00,20260211_143126_rollout_20,A,champion_T4,0,1,0.8989097476005554,22.068599999329308,ok,
2026-02-11T14:31:48.118576+00:00,20260211_143126_rollout_20,A,champion_T4,0,1,0.9928966164588928,24.109000001772074,ok,
2026-02-11T14:31:48.145843+00:00,20260211_143126_rollout_20,A,champion_T4,0,1,0.9496569037437439,24.31330000035814,ok,
2026-02-11T14:31:48.172693+00:00,20260211_143126_rollout_20,B,candidate_T7,0,0,0.6770600080490112,23.993299997528084,ok,
2026-02-11T14:31:48.202062+00:00,20260211_143126_rollout_20,A,champion_T4,0,1,0.9865145087242126,26.61879999868688,ok,
2026-02-11T14:31:48.228747+00:00,20260211_143126_rollout_20,A,champion_T4,0,1,0.9982331991195679,24.103699997795047,ok,
2026-02-11T14:31:48.254457+00:00,20260211_143126_rollout_20,B,candidate_T7,0,0,0.5091050267219543,23.300400000152877,ok,
2026-02-11T14:31:48.281329+00:00,20260211_143126_rollout_20,A,champion_T4,0,1,0.9324631094932556,24.15599999949336,ok,
2026-02-11T14:31:48.308462+00:00,20260211_143126_rollout_20,B,candidate_T7,0,0,0.909074068069458,24.723499998799525,ok,
2026-02-11T14:31:48.337158+00:00,20260211_143126_rollout_20,A,champion_T4,0,1,0.995064914226532,25.94659999886062,ok,
2026-02-11T14:31:48.363437+00:00,20260211_143126_rollout_20,A,champion_T4,0,1,0.9293227195739746,23.444299997208873,ok,
2026-02-11T14:31:48.390892+00:00,20260211_143126_rollout_20,B,candidate_T7,0,0,0.8866315484046936,24.021199998969678,ok,
2026-02-11T14:31:48.416789+00:00,20260211_143126_rollout_20,A,champion_T4,0,1,0.9697591662406921,23.109100002329797,ok,
2026-02-11T14:31:48.443034+00:00,20260211_143126_rollout_20,A,champion_T4,0,1,0.9669358134269714,23.77849999902537,ok,
2026-02-11T14:31:48.472732+00:00,20260211_143126_rollout_20,A,champion_T4,0,1,0.9945951104164124,27.254100001300685,ok,
2026-02-11T14:31:48.499871+00:00,20260211_143126_rollout_20,A,champion_T4,0,1,0.9851230978965759,24.644099998113234,ok,
2026-02-11T14:31:48.525250+00:00,20260211_143126_rollout_20,A,champion_T4,0,1,0.9999059438705444,22.512200001074234,ok,
2026-02-11T14:31:48.550890+00:00,20260211_143126_rollout_20,A,champion_T4,0,1,0.9330799579620361,23.027999999612803,ok,
2026-02-11T14:31:48.576979+00:00,20260211_143126_rollout_20,A,champion_T4,0,1,0.9951262474060059,23.590400000102818,ok,
2026-02-11T14:31:48.603140+00:00,20260211_143126_rollout_20,A,champion_T4,0,1,0.890011191368103,23.327400002017384,ok,
2026-02-11T14:31:48.630146+00:00,20260211_143126_rollout_20,A,champion_T4,0,0,0.7400599718093872,24.415500000031898,ok,
2026-02-11T14:31:48.656319+00:00,20260211_143126_rollout_20,A,champion_T4,0,1,0.5614782571792603,23.15710000038962,ok,
2026-02-11T14:31:48.684242+00:00,20260211_143126_rollout_20,A,champion_T4,0,0,0.9591249227523804,25.08730000045034,ok,
2026-02-11T14:31:48.711270+00:00,20260211_143126_rollout_20,A,champion_T4,0,1,0.6879094839096069,23.96500000031665,ok,
2026-02-11T14:31:48.738135+00:00,20260211_143126_rollout_20,A,champion_T4,0,1,0.7041636109352112,24.060499999905005,ok,
2026-02-11T14:31:48.764264+00:00,20260211_143126_rollout_20,A,champion_T4,0,1,0.7762676477432251,23.30220000294503,ok,
2026-02-11T14:31:48.789711+00:00,20260211_143126_rollout_20,B,candidate_T7,0,0,0.9803410768508911,22.9804000009608,ok,
2026-02-11T14:31:48.816467+00:00,20260211_143126_rollout_20,A,champion_T4,0,0,0.9964615702629089,23.828000001230976,ok,
2026-02-11T14:31:48.843143+00:00,20260211_143126_rollout_20,A,champion_T4,0,1,0.8014774918556213,23.61659999951371,ok,
2026-02-11T14:31:48.869030+00:00,20260211_143126_rollout_20,A,champion_T4,0,1,0.6708529591560364,23.44239999729325,ok,
2026-02-11T14:31:48.894954+00:00,20260211_143126_rollout_20,A,champion_T4,0,0,0.6914157867431641,23.020500000711763,ok,
2026-02-11T14:31:48.921959+00:00,20260211_143126_rollout_20,A,champion_T4,0,1,0.9501988291740417,24.21169999797712,ok,
2026-02-11T14:31:48.951352+00:00,20260211_143126_rollout_20,B,candidate_T7,0,0,0.9594966769218445,26.35060000102385,ok,
2026-02-11T14:31:48.978068+00:00,20260211_143126_rollout_20,A,champion_T4,0,0,0.9353072643280029,24.012900001253,ok,
2026-02-11T14:31:49.004090+00:00,20260211_143126_rollout_20,A,champion_T4,0,0,0.7161647081375122,23.489800001698313,ok,
2026-02-11T14:31:49.030934+00:00,20260211_143126_rollout_20,A,champion_T4,0,0,0.8294461965560913,24.45100000113598,ok,
2026-02-11T14:31:49.056307+00:00,20260211_143126_rollout_20,A,champion_T4,0,0,0.6289334297180176,22.72640000228421,ok,
2026-02-11T14:31:49.083201+00:00,20260211_143126_rollout_20,B,candidate_T7,0,0,0.9992343187332153,24.46559999953024,ok,
2026-02-11T14:31:49.109584+00:00,20260211_143126_rollout_20,A,champion_T4,0,1,0.6276498436927795,23.92590000090422,ok,
2026-02-11T14:31:49.135537+00:00,20260211_143126_rollout_20,A,champion_T4,0,0,0.9763022661209106,23.569900000438793,ok,
2026-02-11T14:31:49.171553+00:00,20260211_143126_rollout_20,A,champion_T4,0,1,0.5903738737106323,32.48309999980847,ok,
2026-02-11T14:31:49.201441+00:00,20260211_143126_rollout_20,B,candidate_T7,0,0,0.9988338351249695,27.027099997212645,ok,
2026-02-11T14:31:49.229081+00:00,20260211_143126_rollout_20,A,champion_T4,0,0,0.6332506537437439,24.31789999900502,ok,
2026-02-11T14:31:49.257221+00:00,20260211_143126_rollout_20,A,champion_T4,0,1,0.5711443424224854,25.46040000015637,ok,
2026-02-11T14:31:49.283030+00:00,20260211_143126_rollout_20,A,champion_T4,0,1,0.7744438052177429,23.404299998219358,ok,
2026-02-11T14:31:49.310064+00:00,20260211_143126_rollout_20,A,champion_T4,0,1,0.9638547301292419,24.70739999989746,ok,
2026-02-11T14:31:49.336027+00:00,20260211_143126_rollout_20,A,champion_T4,0,0,0.8294041156768799,23.586799998156494,ok,
2026-02-11T14:31:49.360267+00:00,20260211_143126_rollout_20,B,candidate_T7,0,0,0.9967813491821289,21.92759999888949,ok,
2026-02-11T14:31:49.385767+00:00,20260211_143126_rollout_20,B,candidate_T7,0,0,0.9973071813583374,22.200100000191014,ok,
2026-02-11T14:31:49.408611+00:00,20260211_143126_rollout_20,A,champion_T4,0,0,0.8897812962532043,20.296200000302633,ok,
2026-02-11T14:31:49.433082+00:00,20260211_143126_rollout_20,A,champion_T4,0,0,0.7342317700386047,21.965200001432095,ok,
2026-02-11T14:31:49.459724+00:00,20260211_143126_rollout_20,A,champion_T4,0,0,0.9011118412017822,23.638999999093357,ok,
2026-02-11T14:31:49.485414+00:00,20260211_143126_rollout_20,A,champion_T4,0,0,0.646705687046051,23.165800001152093,ok,
2026-02-11T14:31:49.510300+00:00,20260211_143126_rollout_20,A,champion_T4,0,1,0.9972286820411682,22.21590000044671,ok,
2026-02-11T14:31:49.535303+00:00,20260211_143126_rollout_20,A,champion_T4,0,1,0.8489608764648438,22.175600002810825,ok,
2026-02-11T14:31:49.563189+00:00,20260211_143126_rollout_20,B,candidate_T7,0,0,0.999313473701477,25.067300000955584,ok,
2026-02-11T14:31:49.588940+00:00,20260211_143126_rollout_20,A,champion_T4,0,0,0.5212394595146179,22.377499997674022,ok,
2026-02-11T14:31:49.612953+00:00,20260211_143126_rollout_20,A,champion_T4,0,0,0.9868807792663574,21.30359999864595,ok,
2026-02-11T14:31:49.636688+00:00,20260211_143126_rollout_20,A,champion_T4,0,1,0.8798401355743408,20.91429999927641,ok,
2026-02-11T14:31:49.661248+00:00,20260211_143126_rollout_20,A,champion_T4,0,0,0.9868161082267761,21.890399999392685,ok,
2026-02-11T14:31:49.687218+00:00,20260211_143126_rollout_20,B,candidate_T7,0,0,0.9722411036491394,23.5006999973848,ok,
2026-02-11T14:31:49.716595+00:00,20260211_143126_rollout_20,A,champion_T4,0,0,0.9818155169487,25.8951000032539,ok,
2026-02-11T14:31:49.743625+00:00,20260211_143126_rollout_20,A,champion_T4,0,0,0.7789186239242554,24.191599997720914,ok,
2026-02-11T14:31:49.768879+00:00,20260211_143126_rollout_20,A,champion_T4,0,0,0.9617608785629272,22.557800002687145,ok,
2026-02-11T14:31:49.793982+00:00,20260211_143126_rollout_20,A,champion_T4,0,0,0.9994932413101196,22.700699999404605,ok,
2026-02-11T14:31:49.818484+00:00,20260211_143126_rollout_20,A,champion_T4,0,1,0.9115391969680786,21.611399999528658,ok,
2026-02-11T14:31:49.844364+00:00,20260211_143126_rollout_20,A,champion_T4,0,0,0.9614992737770081,23.2679000000644,ok,
2026-02-11T14:31:49.871757+00:00,20260211_143126_rollout_20,A,champion_T4,0,0,0.5816391706466675,24.528399997507222,ok,
2026-02-11T14:31:49.898981+00:00,20260211_143126_rollout_20,A,champion_T4,0,0,0.7230606079101562,24.21920000051614,ok,
2026-02-11T14:31:49.925058+00:00,20260211_143126_rollout_20,B,candidate_T7,0,0,0.9934758543968201,23.158799998782342,ok,
2026-02-11T14:31:49.950464+00:00,20260211_143126_rollout_20,A,champion_T4,0,1,0.835878312587738,22.965099997236393,ok,
2026-02-11T14:31:49.978495+00:00,20260211_143126_rollout_20,A,champion_T4,0,0,0.6624435782432556,25.161300000036135,ok,
2026-02-11T14:31:50.004407+00:00,20260211_143126_rollout_20,A,champion_T4,0,1,0.5682190656661987,23.20289999988745,ok,
2026-02-11T14:31:50.030718+00:00,20260211_143126_rollout_20,A,champion_T4,0,0,0.7491068840026855,23.568800002976786,ok,
2026-02-11T14:31:50.056411+00:00,20260211_143126_rollout_20,A,champion_T4,0,1,0.5833618640899658,22.460699998191558,ok,
2026-02-11T14:31:50.081652+00:00,20260211_143126_rollout_20,B,candidate_T7,0,0,0.999620795249939,22.168100000271806,ok,
2026-02-11T14:31:50.111739+00:00,20260211_143126_rollout_20,A,champion_T4,0,0,0.5963982343673706,23.98689999972703,ok,
2026-02-11T14:31:50.136317+00:00,20260211_143126_rollout_20,A,champion_T4,0,0,0.81805020570755,22.11679999891203,ok,
2026-02-11T14:31:50.163980+00:00,20260211_143126_rollout_20,A,champion_T4,0,0,0.8044847846031189,25.120300000708085,ok,
2026-02-11T14:31:50.190483+00:00,20260211_143126_rollout_20,B,candidate_T7,0,0,0.998073935508728,23.953699997946387,ok,
2026-02-11T14:31:50.218953+00:00,20260211_143126_rollout_20,A,champion_T4,0,0,0.9846999645233154,25.98489999945741,ok,
2026-02-11T14:31:50.246017+00:00,20260211_143126_rollout_20,A,champion_T4,0,1,0.9528642296791077,24.418299999524606,ok,
2026-02-11T14:31:50.273110+00:00,20260211_143126_rollout_20,A,champion_T4,0,1,0.5614638924598694,24.532300001737894,ok,
2026-02-11T14:31:50.299014+00:00,20260211_143126_rollout_20,A,champion_T4,0,0,0.7696338295936584,22.841400001198053,ok,
2026-02-11T14:31:50.324287+00:00,20260211_143126_rollout_20,A,champion_T4,0,0,0.9850190281867981,22.599399999307934,ok,
2026-02-11T14:31:50.351232+00:00,20260211_143126_rollout_20,A,champion_T4,0,1,0.905776858329773,24.31810000052792,ok,
2026-02-11T14:31:50.378110+00:00,20260211_143126_rollout_20,A,champion_T4,0,0,0.7139850854873657,24.181400000088615,ok,
2026-02-11T14:31:50.405557+00:00,20260211_143126_rollout_20,A,champion_T4,0,0,0.5696078538894653,24.8092000001634,ok,
2026-02-11T14:31:50.433111+00:00,20260211_143126_rollout_20,A,champion_T4,0,1,0.5023562908172607,25.100800001382595,ok,
2026-02-11T14:31:50.460502+00:00,20260211_143126_rollout_20,A,champion_T4,0,1,0.7464205026626587,24.887899999157526,ok,
2026-02-11T14:31:50.490138+00:00,20260211_143126_rollout_20,B,candidate_T7,0,0,0.9181751608848572,26.96750000177417,ok,
2026-02-11T14:31:50.517563+00:00,20260211_143126_rollout_20,A,champion_T4,0,0,0.7485771775245667,24.856300002284115,ok,
2026-02-11T14:31:50.545241+00:00,20260211_143126_rollout_20,A,champion_T4,0,0,0.5190116763114929,25.078599999687867,ok,
2026-02-11T14:31:50.574296+00:00,20260211_143126_rollout_20,A,champion_T4,0,1,0.707535445690155,26.630000000295695,ok,
2026-02-11T14:31:50.600474+00:00,20260211_143126_rollout_20,A,champion_T4,0,1,0.6726043224334717,22.909499999514082,ok,
2026-02-11T14:31:50.625471+00:00,20260211_143126_rollout_20,A,champion_T4,0,0,0.7443361282348633,22.506699999212287,ok,
2026-02-11T14:31:50.649906+00:00,20260211_143126_rollout_20,B,candidate_T7,0,0,0.9999947547912598,22.100800000771414,ok,
2026-02-11T14:31:50.675781+00:00,20260211_143126_rollout_20,A,champion_T4,0,1,0.6388303637504578,23.04999999978463,ok,
2026-02-11T14:31:50.699879+00:00,20260211_143126_rollout_20,A,champion_T4,0,1,0.9689004421234131,21.612100001220824,ok,
2026-02-11T14:31:50.728013+00:00,20260211_143126_rollout_20,A,champion_T4,0,0,0.9172580242156982,25.325200000224868,ok,
2026-02-11T14:31:50.755260+00:00,20260211_143126_rollout_20,B,candidate_T7,0,0,0.7358102202415466,24.199100000259932,ok,
2026-02-11T14:31:50.781050+00:00,20260211_143126_rollout_20,A,champion_T4,0,0,0.8504774570465088,23.186800000985386,ok,
2026-02-11T14:31:50.806859+00:00,20260211_143126_rollout_20,B,candidate_T7,0,0,0.8858312964439392,23.36210000066785,ok,
2026-02-11T14:31:50.835502+00:00,20260211_143126_rollout_20,B,candidate_T7,0,0,0.991548478603363,25.9444999974221,ok,
2026-02-11T14:31:50.860678+00:00,20260211_143126_rollout_20,A,champion_T4,0,0,0.8300471901893616,22.45010000115144,ok,
2026-02-11T14:31:50.887750+00:00,20260211_143126_rollout_20,A,champion_T4,0,1,0.5736497640609741,24.63010000064969,ok,
2026-02-11T14:31:50.914115+00:00,20260211_143126_rollout_20,A,champion_T4,1,1,0.9976847171783447,23.52719999908004,ok,
2026-02-11T14:31:50.949336+00:00,20260211_143126_rollout_20,B,candidate_T7,1,1,0.9726808667182922,31.21370000008028,ok,
2026-02-11T14:31:50.976884+00:00,20260211_143126_rollout_20,A,champion_T4,1,1,0.9998921155929565,24.527999998099403,ok,
2026-02-11T14:31:51.004512+00:00,20260211_143126_rollout_20,A,champion_T4,1,1,0.9999940395355225,25.212699998519383,ok,
2026-02-11T14:31:51.032117+00:00,20260211_143126_rollout_20,A,champion_T4,1,1,0.9999948740005493,25.100200000451878,ok,
2026-02-11T14:31:51.060516+00:00,20260211_143126_rollout_20,A,champion_T4,1,1,0.9999932050704956,25.69229999789968,ok,
2026-02-11T14:31:51.087952+00:00,20260211_143126_rollout_20,A,champion_T4,1,1,0.9999886751174927,25.156600000627805,ok,
2026-02-11T14:31:51.115398+00:00,20260211_143126_rollout_20,A,champion_T4,1,1,0.9999949932098389,25.148300002911128,ok,
2026-02-11T14:31:51.144038+00:00,20260211_143126_rollout_20,A,champion_T4,1,1,0.9998295307159424,26.295699997717747,ok,
2026-02-11T14:31:51.171255+00:00,20260211_143126_rollout_20,A,champion_T4,1,1,0.9999938011169434,24.977099998068297,ok,
2026-02-11T14:31:51.199809+00:00,20260211_143126_rollout_20,A,champion_T4,1,1,0.9998674392700195,26.207399998384062,ok,
2026-02-11T14:31:51.230589+00:00,20260211_143126_rollout_20,A,champion_T4,1,1,0.9976173043251038,27.775299997301772,ok,
2026-02-11T14:31:51.259978+00:00,20260211_143126_rollout_20,A,champion_T4,1,1,0.9999948740005493,26.898800002527423,ok,
2026-02-11T14:31:51.286301+00:00,20260211_143126_rollout_20,A,champion_T4,1,1,0.9999949932098389,23.88749999954598,ok,
2026-02-11T14:31:51.310483+00:00,20260211_143126_rollout_20,A,champion_T4,1,1,0.998377799987793,21.592500001133885,ok,
2026-02-11T14:31:51.338918+00:00,20260211_143126_rollout_20,A,champion_T4,1,1,0.9998428821563721,26.080400002683746,ok,
2026-02-11T14:31:51.366089+00:00,20260211_143126_rollout_20,A,champion_T4,1,1,0.999992847442627,24.266099997475976,ok,
2026-02-11T14:31:51.393348+00:00,20260211_143126_rollout_20,A,champion_T4,1,1,0.9999885559082031,24.585600000136765,ok,
2026-02-11T14:31:51.421960+00:00,20260211_143126_rollout_20,B,candidate_T7,1,1,0.9959167838096619,26.27280000160681,ok,
2026-02-11T14:31:51.449930+00:00,20260211_143126_rollout_20,A,champion_T4,1,1,0.9999966621398926,25.009299999510404,ok,
2026-02-11T14:31:51.475200+00:00,20260211_143126_rollout_20,A,champion_T4,1,1,0.9996215105056763,22.173699999257224,ok,
2026-02-11T14:31:51.499676+00:00,20260211_143126_rollout_20,A,champion_T4,1,1,0.9987167119979858,21.616600002744235,ok,
2026-02-11T14:31:51.528178+00:00,20260211_143126_rollout_20,B,candidate_T7,1,1,0.9980729818344116,25.60069999890402,ok,
2026-02-11T14:31:51.557325+00:00,20260211_143126_rollout_20,A,champion_T4,1,1,0.9999961853027344,26.22759999940172,ok,
2026-02-11T14:31:51.585559+00:00,20260211_143126_rollout_20,A,champion_T4,1,1,0.9998801946640015,25.56909999839263,ok,
2026-02-11T14:31:51.612892+00:00,20260211_143126_rollout_20,A,champion_T4,1,1,0.9986483454704285,24.66899999853922,ok,
2026-02-11T14:31:51.638194+00:00,20260211_143126_rollout_20,A,champion_T4,1,1,0.9999598264694214,22.459300002083182,ok,
2026-02-11T14:31:51.665206+00:00,20260211_143126_rollout_20,A,champion_T4,1,1,0.9999977350234985,24.3642000023101,ok,
2026-02-11T14:31:51.697168+00:00,20260211_143126_rollout_20,A,champion_T4,1,1,0.9999971389770508,28.883199996926123,ok,
2026-02-11T14:31:51.724508+00:00,20260211_143126_rollout_20,B,candidate_T7,1,1,0.9965822100639343,24.433500002487563,ok,
2026-02-11T14:31:51.750944+00:00,20260211_143126_rollout_20,A,champion_T4,1,1,0.9997878670692444,23.759899999276968,ok,
2026-02-11T14:31:51.779214+00:00,20260211_143126_rollout_20,A,champion_T4,1,1,0.9998995065689087,25.722300000779796,ok,
2026-02-11T14:31:51.807815+00:00,20260211_143126_rollout_20,A,champion_T4,1,1,0.9999983310699463,25.696400000015274,ok,
2026-02-11T14:31:51.835308+00:00,20260211_143126_rollout_20,A,champion_T4,1,1,0.9998180270195007,25.258999998186482,ok,
2026-02-11T14:31:51.861867+00:00,20260211_143126_rollout_20,A,champion_T4,1,1,0.9999837875366211,24.25989999755984,ok,
2026-02-11T14:31:51.888427+00:00,20260211_143126_rollout_20,B,candidate_T7,1,1,0.9701659679412842,24.162800000340212,ok,
2026-02-11T14:31:51.915749+00:00,20260211_143126_rollout_20,A,champion_T4,1,1,0.9993588328361511,24.997299999085953,ok,
2026-02-11T14:31:51.941603+00:00,20260211_143126_rollout_20,A,champion_T4,1,1,0.9999575614929199,23.621099997399142,ok,
2026-02-11T14:31:51.966267+00:00,20260211_143126_rollout_20,A,champion_T4,1,1,0.9997805953025818,22.313500001473585,ok,
2026-02-11T14:31:51.988683+00:00,20260211_143126_rollout_20,A,champion_T4,1,1,0.9999978542327881,19.949000001361128,ok,
2026-02-11T14:31:52.011796+00:00,20260211_143126_rollout_20,B,candidate_T7,1,1,0.9976679682731628,20.70879999882891,ok,
2026-02-11T14:31:52.036340+00:00,20260211_143126_rollout_20,B,candidate_T7,1,1,0.998691737651825,22.22549999714829,ok,
2026-02-11T14:31:52.061166+00:00,20260211_143126_rollout_20,B,candidate_T7,1,1,0.8515087962150574,22.546399999555433,ok,
2026-02-11T14:31:52.089906+00:00,20260211_143126_rollout_20,A,champion_T4,1,1,0.9999665021896362,25.673699998151278,ok,
2026-02-11T14:31:52.117720+00:00,20260211_143126_rollout_20,A,champion_T4,1,1,0.9993209838867188,24.80919999652542,ok,
2026-02-11T14:31:52.142317+00:00,20260211_143126_rollout_20,A,champion_T4,1,1,0.9999536275863647,21.977400003379444,ok,
2026-02-11T14:31:52.166325+00:00,20260211_143126_rollout_20,A,champion_T4,1,1,0.9998443126678467,21.397000000433763,ok,
2026-02-11T14:31:52.196521+00:00,20260211_143126_rollout_20,A,champion_T4,1,1,0.9997581839561462,27.19470000010915,ok,
2026-02-11T14:31:52.226811+00:00,20260211_143126_rollout_20,A,champion_T4,1,0,0.5075799226760864,26.862099999561906,ok,
2026-02-11T14:31:52.254570+00:00,20260211_143126_rollout_20,A,champion_T4,1,1,0.9999310970306396,24.672700001246994,ok,
2026-02-11T14:31:52.280210+00:00,20260211_143126_rollout_20,A,champion_T4,1,1,0.9934391379356384,23.080099999788217,ok,
2026-02-11T14:31:52.306225+00:00,20260211_143126_rollout_20,A,champion_T4,1,1,0.9999996423721313,23.68220000062138,ok,
2026-02-11T14:31:52.333717+00:00,20260211_143126_rollout_20,A,champion_T4,1,1,0.9999682903289795,24.937900001532398,ok,
2026-02-11T14:31:52.358319+00:00,20260211_143126_rollout_20,B,candidate_T7,1,1,0.930062472820282,21.84020000277087,ok,
2026-02-11T14:31:52.384937+00:00,20260211_143126_rollout_20,A,champion_T4,1,1,0.99757319688797,24.11989999745856,ok,
2026-02-11T14:31:52.412771+00:00,20260211_143126_rollout_20,A,champion_T4,1,1,0.99994957447052,24.687400000402704,ok,
2026-02-11T14:31:52.439392+00:00,20260211_143126_rollout_20,B,candidate_T7,1,1,0.9912126660346985,23.80999999877531,ok,
2026-02-11T14:31:52.467658+00:00,20260211_143126_rollout_20,A,champion_T4,1,1,0.9999949932098389,25.58639999915613,ok,
2026-02-11T14:31:52.496954+00:00,20260211_143126_rollout_20,A,champion_T4,1,1,0.999796450138092,26.06229999946663,ok,
2026-02-11T14:31:52.524299+00:00,20260211_143126_rollout_20,A,champion_T4,1,1,0.9997934699058533,24.420300000201678,ok,
2026-02-11T14:31:52.551542+00:00,20260211_143126_rollout_20,A,champion_T4,1,1,0.9999650716781616,24.686999997356907,ok,
2026-02-11T14:31:52.576942+00:00,20260211_143126_rollout_20,A,champion_T4,1,1,0.9999979734420776,22.959900001296774,ok,
2026-02-11T14:31:52.604595+00:00,20260211_143126_rollout_20,A,champion_T4,1,1,0.9999463558197021,24.65910000319127,ok,
2026-02-11T14:31:52.634426+00:00,20260211_143126_rollout_20,B,candidate_T7,1,1,0.9871634244918823,26.43739999984973,ok,
2026-02-11T14:31:52.663288+00:00,20260211_143126_rollout_20,B,candidate_T7,1,1,0.9817829728126526,25.911200002155965,ok,
2026-02-11T14:31:52.693285+00:00,20260211_143126_rollout_20,A,champion_T4,1,1,0.7710381150245667,27.04760000051465,ok,
2026-02-11T14:31:52.722005+00:00,20260211_143126_rollout_20,A,champion_T4,1,1,0.9999897480010986,25.28610000081244,ok,
2026-02-11T14:31:52.750313+00:00,20260211_143126_rollout_20,A,champion_T4,1,1,0.9999961853027344,25.163500002236106,ok,
2026-02-11T14:31:52.776315+00:00,20260211_143126_rollout_20,A,champion_T4,1,1,0.9999967813491821,23.29449999888311,ok,
2026-02-11T14:31:52.803419+00:00,20260211_143126_rollout_20,A,champion_T4,1,1,0.9999923706054688,24.588500000390923,ok,
2026-02-11T14:31:52.830163+00:00,20260211_143126_rollout_20,B,candidate_T7,1,1,0.9941773414611816,23.994700000912417,ok,
2026-02-11T14:31:52.855660+00:00,20260211_143126_rollout_20,B,candidate_T7,1,1,0.9947992563247681,22.784799999499228,ok,
2026-02-11T14:31:52.881926+00:00,20260211_143126_rollout_20,A,champion_T4,1,1,0.9999940395355225,23.901000000478234,ok,
2026-02-11T14:31:52.907887+00:00,20260211_143126_rollout_20,A,champion_T4,1,1,0.9999465942382812,23.620500000106404,ok,
2026-02-11T14:31:52.934662+00:00,20260211_143126_rollout_20,A,champion_T4,1,1,0.9998818635940552,24.277700002130587,ok,
2026-02-11T14:31:52.961327+00:00,20260211_143126_rollout_20,A,champion_T4,1,1,0.9989321827888489,24.225400000432273,ok,
2026-02-11T14:31:52.988981+00:00,20260211_143126_rollout_20,A,champion_T4,1,1,0.9999735355377197,25.24730000004638,ok,
2026-02-11T14:31:53.015897+00:00,20260211_143126_rollout_20,A,champion_T4,1,1,0.9996834993362427,24.532800001907162,ok,
2026-02-11T14:31:53.042687+00:00,20260211_143126_rollout_20,A,champion_T4,1,1,0.9999995231628418,24.045799997111317,ok,
2026-02-11T14:31:53.066557+00:00,20260211_143126_rollout_20,B,candidate_T7,1,1,0.9872555732727051,20.881500000541564,ok,
2026-02-11T14:31:53.092098+00:00,20260211_143126_rollout_20,A,champion_T4,1,1,0.9999935626983643,22.985700001299847,ok,
2026-02-11T14:31:53.116657+00:00,20260211_143126_rollout_20,A,champion_T4,1,1,0.9999978542327881,22.137299998576054,ok,
2026-02-11T14:31:53.145682+00:00,20260211_143126_rollout_20,A,champion_T4,1,1,0.9999854564666748,26.001599999290192,ok,
2026-02-11T14:31:53.175227+00:00,20260211_143126_rollout_20,A,champion_T4,1,1,0.9912277460098267,26.997299999493407,ok,
2026-02-11T14:31:53.205565+00:00,20260211_143126_rollout_20,B,candidate_T7,1,1,0.9985641837120056,27.188100000785198,ok,
2026-02-11T14:31:53.233977+00:00,20260211_143126_rollout_20,A,champion_T4,1,1,0.9999964237213135,25.54940000118222,ok,
2026-02-11T14:31:53.278141+00:00,20260211_143126_rollout_20,A,champion_T4,1,1,0.9999996423721313,40.7100000011269,ok,
2026-02-11T14:31:53.301398+00:00,20260211_143126_rollout_20,A,champion_T4,1,1,0.9986054301261902,20.76870000018971,ok,
2026-02-11T14:31:53.324049+00:00,20260211_143126_rollout_20,A,champion_T4,1,1,0.9998522996902466,20.137800001975847,ok,
2026-02-11T14:31:53.346513+00:00,20260211_143126_rollout_20,A,champion_T4,1,1,0.9998501539230347,20.0433999998495,ok,
2026-02-11T14:31:53.371477+00:00,20260211_143126_rollout_20,B,candidate_T7,1,1,0.9529054760932922,22.340400002576644,ok,
2026-02-11T14:31:53.397256+00:00,20260211_143126_rollout_20,A,champion_T4,1,1,0.9999243021011353,23.066199999448145,ok,
2026-02-11T14:31:53.425401+00:00,20260211_143126_rollout_20,A,champion_T4,1,1,0.9998829364776611,25.209400002495386,ok,
2026-02-11T14:31:53.452290+00:00,20260211_143126_rollout_20,A,champion_T4,1,1,0.9999901056289673,24.341100001038285,ok,
2026-02-11T14:31:53.478317+00:00,20260211_143126_rollout_20,A,champion_T4,1,1,0.9999228715896606,23.407399999996414,ok,
2026-02-11T14:31:53.506522+00:00,20260211_143126_rollout_20,A,champion_T4,1,1,0.9999979734420776,24.99300000272342,ok,
2026-02-11T14:31:53.532838+00:00,20260211_143126_rollout_20,A,champion_T4,1,1,0.9999979734420776,23.532699997304007,ok,
2026-02-11T14:31:53.559075+00:00,20260211_143126_rollout_20,A,champion_T4,1,1,0.9999953508377075,23.782600001140963,ok,
2026-02-11T14:31:53.585134+00:00,20260211_143126_rollout_20,A,champion_T4,1,1,0.9999804496765137,23.808599999028957,ok,
2026-02-11T14:31:53.612474+00:00,20260211_143126_rollout_20,B,candidate_T7,1,1,0.986893892288208,24.92099999653874,ok,
2026-02-11T14:31:53.639320+00:00,20260211_143126_rollout_20,A,champion_T4,1,1,0.9969755411148071,24.63250000073458,ok,
2026-02-11T14:31:53.666340+00:00,20260211_143126_rollout_20,A,champion_T4,1,1,0.9999037981033325,24.765099999058293,ok,
2026-02-11T14:31:53.692224+00:00,20260211_143126_rollout_20,A,champion_T4,1,1,0.9998725652694702,23.513400003139395,ok,
2026-02-11T14:31:53.718835+00:00,20260211_143126_rollout_20,A,champion_T4,1,1,0.99993896484375,24.087899997539353,ok,
2026-02-11T14:31:53.745795+00:00,20260211_143126_rollout_20,A,champion_T4,1,1,0.9991920590400696,24.486300000717165,ok,
2026-02-11T14:31:53.772403+00:00,20260211_143126_rollout_20,A,champion_T4,1,1,0.9999685287475586,23.849299999710638,ok,
2026-02-11T14:31:53.801078+00:00,20260211_143126_rollout_20,A,champion_T4,1,1,0.999981164932251,26.298900000256253,ok,
2026-02-11T14:31:53.826997+00:00,20260211_143126_rollout_20,A,champion_T4,1,1,0.9991896748542786,22.889400002895854,ok,
2026-02-11T14:31:53.851529+00:00,20260211_143126_rollout_20,B,candidate_T7,1,1,0.9977412223815918,22.00280000033672,ok,
2026-02-11T14:31:53.878882+00:00,20260211_143126_rollout_20,B,candidate_T7,1,1,0.9991452693939209,24.893400001019472,ok,
2026-02-11T14:31:53.906192+00:00,20260211_143126_rollout_20,A,champion_T4,1,1,0.9999769926071167,24.444599999696948,ok,
2026-02-11T14:31:53.932003+00:00,20260211_143126_rollout_20,A,champion_T4,1,1,0.9983540773391724,23.030399999697693,ok,
2026-02-11T14:31:53.959841+00:00,20260211_143126_rollout_20,A,champion_T4,1,1,0.9999922513961792,25.09959999952116,ok,
2026-02-11T14:31:53.987524+00:00,20260211_143126_rollout_20,A,champion_T4,1,1,0.9990253448486328,24.89620000051218,ok,
2026-02-11T14:31:54.015126+00:00,20260211_143126_rollout_20,A,champion_T4,1,1,0.9822195768356323,25.144899998849723,ok,
2026-02-11T14:31:54.041361+00:00,20260211_143126_rollout_20,A,champion_T4,1,1,0.9995905756950378,23.717100000794744,ok,
2026-02-11T14:31:54.069166+00:00,20260211_143126_rollout_20,A,champion_T4,1,1,0.9999985694885254,25.442899997869972,ok,
2026-02-11T14:31:54.097163+00:00,20260211_143126_rollout_20,A,champion_T4,1,1,0.9999998807907104,25.62029999899096,ok,
2026-02-11T14:31:54.130645+00:00,20260211_143126_rollout_20,A,champion_T4,1,1,0.999998927116394,30.767600001126993,ok,
2026-02-11T14:31:54.161876+00:00,20260211_143126_rollout_20,B,candidate_T7,1,1,0.9998527765274048,28.348699997877702,ok,
2026-02-11T14:31:54.192034+00:00,20260211_143126_rollout_20,A,champion_T4,1,1,0.9999856948852539,26.379499999166,ok,
2026-02-11T14:31:54.221815+00:00,20260211_143126_rollout_20,B,candidate_T7,1,1,0.9439224004745483,26.770500000566244,ok,
2026-02-11T14:31:54.253052+00:00,20260211_143126_rollout_20,A,champion_T4,1,1,0.9993250370025635,27.760400000261143,ok,
2026-02-11T14:31:54.285053+00:00,20260211_143126_rollout_20,A,champion_T4,1,1,0.9943568110466003,28.722899998683715,ok,
2026-02-11T14:31:54.316995+00:00,20260211_143126_rollout_20,B,candidate_T7,1,1,0.6999099254608154,29.046499999822117,ok,
2026-02-11T14:31:54.350259+00:00,20260211_143126_rollout_20,A,champion_T4,1,1,0.9999916553497314,30.318099998112302,ok,
2026-02-11T14:31:54.385272+00:00,20260211_143126_rollout_20,A,champion_T4,1,1,0.9999666213989258,31.164199997874675,ok,
2026-02-11T14:31:54.417288+00:00,20260211_143126_rollout_20,A,champion_T4,1,1,0.9999877214431763,28.388700000505196,ok,
2026-02-11T14:31:54.449187+00:00,20260211_143126_rollout_20,A,champion_T4,1,1,0.9999754428863525,28.30829999948037,ok,
2026-02-11T14:31:54.480207+00:00,20260211_143126_rollout_20,A,champion_T4,1,1,0.99996018409729,27.87689999968279,ok,
2026-02-11T14:31:54.507547+00:00,20260211_143126_rollout_20,A,champion_T4,1,1,0.9999825954437256,24.425300001894357,ok,
2026-02-11T14:31:54.538126+00:00,20260211_143126_rollout_20,A,champion_T4,1,1,0.9998832941055298,27.851899998495355,ok,
2026-02-11T14:31:54.569856+00:00,20260211_143126_rollout_20,A,champion_T4,1,1,0.9999920129776001,28.977599999052472,ok,
2026-02-11T14:31:54.597500+00:00,20260211_143126_rollout_20,A,champion_T4,1,1,0.9999475479125977,23.69170000019949,ok,
2026-02-11T14:31:54.625673+00:00,20260211_143126_rollout_20,B,candidate_T7,1,1,0.9944400787353516,25.444900002185022,ok,
2026-02-11T14:31:54.652555+00:00,20260211_143126_rollout_20,A,champion_T4,1,1,0.9999667406082153,24.027100000239443,ok,
2026-02-11T14:31:54.682593+00:00,20260211_143126_rollout_20,A,champion_T4,1,1,0.9999549388885498,27.186700001038844,ok,
2026-02-11T14:31:54.712930+00:00,20260211_143126_rollout_20,A,champion_T4,1,1,0.9998589754104614,26.89739999914309,ok,
2026-02-11T14:31:54.743845+00:00,20260211_143126_rollout_20,A,champion_T4,1,1,0.9999980926513672,27.762000001530396,ok,
2026-02-11T14:31:54.775914+00:00,20260211_143126_rollout_20,A,champion_T4,1,1,0.9999446868896484,28.853200001321966,ok,
2026-02-11T14:31:54.808708+00:00,20260211_143126_rollout_20,A,champion_T4,1,1,0.9999598264694214,29.81809999982943,ok,
2026-02-11T14:31:54.842332+00:00,20260211_143126_rollout_20,B,candidate_T7,1,1,0.9987159967422485,29.54669999962789,ok,
2026-02-11T14:31:54.873651+00:00,20260211_143126_rollout_20,A,champion_T4,1,1,0.9999918937683105,28.176399999210844,ok,
2026-02-11T14:31:54.901903+00:00,20260211_143126_rollout_20,A,champion_T4,1,1,0.9997033476829529,24.801499999739463,ok,
2026-02-11T14:31:54.934475+00:00,20260211_143126_rollout_20,A,champion_T4,1,1,0.9998757839202881,29.308099998161197,ok,
2026-02-11T14:31:54.966033+00:00,20260211_143126_rollout_20,A,champion_T4,1,1,0.9998528957366943,28.154499999800464,ok,
2026-02-11T14:31:54.998653+00:00,20260211_143126_rollout_20,A,champion_T4,1,1,0.999893307685852,28.94630000082543,ok,
2026-02-11T14:31:55.027486+00:00,20260211_143126_rollout_20,A,champion_T4,1,1,0.9998821020126343,25.62010000110604,ok,
2026-02-11T14:31:55.055235+00:00,20260211_143126_rollout_20,A,champion_T4,1,1,0.9667648673057556,24.828000001434702,ok,
2026-02-11T14:31:55.085967+00:00,20260211_143126_rollout_20,A,champion_T4,1,1,0.9999737739562988,27.47299999828101,ok,
2026-02-11T14:31:55.119638+00:00,20260211_143126_rollout_20,A,champion_T4,1,1,0.9993434548377991,30.176399999618297,ok,
2026-02-11T14:31:55.149983+00:00,20260211_143126_rollout_20,A,champion_T4,1,1,0.9999992847442627,27.30150000206777,ok,
2026-02-11T14:31:55.178424+00:00,20260211_143126_rollout_20,B,candidate_T7,1,1,0.9899162650108337,25.073900000279536,ok,
2026-02-11T14:31:55.207489+00:00,20260211_143126_rollout_20,A,champion_T4,1,1,0.999996542930603,25.497700000414625,ok,
2026-02-11T14:31:55.237708+00:00,20260211_143126_rollout_20,A,champion_T4,1,1,0.9871230125427246,27.095000001281733,ok,
2026-02-11T14:31:55.267298+00:00,20260211_143126_rollout_20,A,champion_T4,1,1,0.9999171495437622,26.024800001323456,ok,
2026-02-11T14:31:55.296791+00:00,20260211_143126_rollout_20,A,champion_T4,1,1,0.7868961691856384,25.843899999017594,ok,
2026-02-11T14:31:55.325919+00:00,20260211_143126_rollout_20,A,champion_T4,1,0,0.765444815158844,25.57359999991604,ok,
2026-02-11T14:31:55.354258+00:00,20260211_143126_rollout_20,A,champion_T4,1,1,0.9999985694885254,25.261200000386452,ok,
2026-02-11T14:31:55.384548+00:00,20260211_143126_rollout_20,A,champion_T4,1,1,0.9996539354324341,27.043000001867767,ok,
2026-02-11T14:31:55.412939+00:00,20260211_143126_rollout_20,B,candidate_T7,1,1,0.9759660959243774,24.945900000602705,ok,
2026-02-11T14:31:55.440550+00:00,20260211_143126_rollout_20,A,champion_T4,1,1,0.9999942779541016,24.329899999429472,ok,
2026-02-11T14:31:55.468259+00:00,20260211_143126_rollout_20,A,champion_T4,1,1,0.9999657869338989,24.877799998648698,ok,
2026-02-11T14:31:55.497033+00:00,20260211_143126_rollout_20,A,champion_T4,1,1,0.999868631362915,25.565899999492103,ok,
2026-02-11T14:31:55.527307+00:00,20260211_143126_rollout_20,A,champion_T4,1,1,0.9999945163726807,27.115500000945758,ok,
2026-02-11T14:31:55.560174+00:00,20260211_143126_rollout_20,A,champion_T4,1,1,0.9999510049819946,26.523500000621425,ok,
2026-02-11T14:31:55.590586+00:00,20260211_143126_rollout_20,A,champion_T4,1,1,0.9999839067459106,26.863999999477528,ok,
2026-02-11T14:31:55.618529+00:00,20260211_143126_rollout_20,A,champion_T4,1,1,0.9980314373970032,24.943600001279265,ok,
2026-02-11T14:31:55.645999+00:00,20260211_143126_rollout_20,A,champion_T4,1,1,0.999998927116394,23.892900000646478,ok,
2026-02-11T14:31:55.674117+00:00,20260211_143126_rollout_20,A,champion_T4,1,1,0.9999990463256836,25.325899998279056,ok,
2026-02-11T14:31:55.704398+00:00,20260211_143126_rollout_20,A,champion_T4,1,1,0.9892016649246216,26.94780000092578,ok,
2026-02-11T14:31:55.732511+00:00,20260211_143126_rollout_20,B,candidate_T7,1,1,0.6217477321624756,24.66160000039963,ok,
2026-02-11T14:31:55.759248+00:00,20260211_143126_rollout_20,B,candidate_T7,1,1,0.9900801777839661,23.457899998902576,ok,
2026-02-11T14:31:55.791914+00:00,20260211_143126_rollout_20,A,champion_T4,1,1,0.9998716115951538,29.62860000116052,ok,
2026-02-11T14:31:55.819499+00:00,20260211_143126_rollout_20,A,champion_T4,1,1,0.9997677206993103,24.28690000306233,ok,
2026-02-11T14:31:55.845112+00:00,20260211_143126_rollout_20,A,champion_T4,1,1,0.999929666519165,22.72379999703844,ok,
2026-02-11T14:31:55.872270+00:00,20260211_143126_rollout_20,A,champion_T4,1,1,0.9973338842391968,23.569000000861706,ok,
2026-02-11T14:31:55.901575+00:00,20260211_143126_rollout_20,A,champion_T4,1,1,0.9932726621627808,26.312300000427058,ok,
2026-02-11T14:31:55.929966+00:00,20260211_143126_rollout_20,A,champion_T4,1,1,0.9991807341575623,25.51389999644016,ok,
2026-02-11T14:31:55.957767+00:00,20260211_143126_rollout_20,A,champion_T4,1,1,0.9997774958610535,24.786900001345202,ok,
2026-02-11T14:31:55.986766+00:00,20260211_143126_rollout_20,B,candidate_T7,1,1,0.98896324634552,25.839599999017082,ok,
2026-02-11T14:31:56.015430+00:00,20260211_143126_rollout_20,B,candidate_T7,1,1,0.9325913786888123,25.331400000141002,ok,
2026-02-11T14:31:56.043645+00:00,20260211_143126_rollout_20,A,champion_T4,1,1,0.999869704246521,24.824799998896196,ok,
2026-02-11T14:31:56.071709+00:00,20260211_143126_rollout_20,A,champion_T4,1,1,0.9632740020751953,24.769299998297356,ok,
2026-02-11T14:31:56.101875+00:00,20260211_143126_rollout_20,A,champion_T4,1,1,0.9996064305305481,26.675400000385707,ok,
2026-02-11T14:31:56.132960+00:00,20260211_143126_rollout_20,B,candidate_T7,1,1,0.98764568567276,27.464099999633618,ok,
2026-02-11T14:31:56.160786+00:00,20260211_143126_rollout_20,A,champion_T4,1,1,0.9942657351493835,24.4922999991104,ok,
2026-02-11T14:31:56.187372+00:00,20260211_143126_rollout_20,A,champion_T4,1,1,0.9940140843391418,23.060899999109097,ok,
2026-02-11T14:31:56.217361+00:00,20260211_143126_rollout_20,B,candidate_T7,1,1,0.9683987498283386,26.79119999811519,ok,
2026-02-11T14:31:56.246838+00:00,20260211_143126_rollout_20,A,champion_T4,1,1,0.9999594688415527,25.986000000557397,ok,
2026-02-11T14:31:56.275270+00:00,20260211_143126_rollout_20,A,champion_T4,1,1,0.9980642199516296,25.51120000134688,ok,
2026-02-11T14:31:56.304210+00:00,20260211_143126_rollout_20,A,champion_T4,1,1,0.9998385906219482,25.759300002391683,ok,
2026-02-11T14:31:56.331378+00:00,20260211_143126_rollout_20,A,champion_T4,1,1,0.9994248151779175,24.22600000136299,ok,
2026-02-11T14:31:56.360181+00:00,20260211_143126_rollout_20,B,candidate_T7,1,1,0.9820651412010193,26.240200000756886,ok,
2026-02-11T14:31:56.389219+00:00,20260211_143126_rollout_20,A,champion_T4,1,1,0.9999788999557495,25.609000000258675,ok,
2026-02-11T14:31:56.418201+00:00,20260211_143126_rollout_20,A,champion_T4,1,1,0.9968572854995728,26.211500000499655,ok,
2026-02-11T14:31:56.447038+00:00,20260211_143126_rollout_20,B,candidate_T7,1,1,0.9282560348510742,26.09659999870928,ok,
2026-02-11T14:31:56.476733+00:00,20260211_143126_rollout_20,A,champion_T4,1,1,0.9994978904724121,27.135700001963414,ok,
2026-02-11T14:31:56.508098+00:00,20260211_143126_rollout_20,B,candidate_T7,1,1,0.963526725769043,28.18180000031134,ok,
2026-02-11T14:31:56.538427+00:00,20260211_143126_rollout_20,A,champion_T4,1,1,0.9998041987419128,27.030099998228252,ok,
2026-02-11T14:31:56.568225+00:00,20260211_143126_rollout_20,A,champion_T4,1,1,0.9977940320968628,26.807299997017253,ok,
2026-02-11T14:31:56.598294+00:00,20260211_143126_rollout_20,B,candidate_T7,1,1,0.8652977347373962,26.615499999024905,ok,
2026-02-11T14:31:56.627273+00:00,20260211_143126_rollout_20,A,champion_T4,1,1,0.9977505803108215,25.19910000046366,ok,
2026-02-11T14:31:56.659978+00:00,20260211_143126_rollout_20,A,champion_T4,1,1,0.9995248317718506,29.47370000038063,ok,
2026-02-11T14:31:56.689574+00:00,20260211_143126_rollout_20,A,champion_T4,1,1,0.9994164705276489,26.163799997448223,ok,
2026-02-11T14:31:56.718105+00:00,20260211_143126_rollout_20,A,champion_T4,1,1,0.9937107563018799,25.417699998797616,ok,
2026-02-11T14:31:56.746904+00:00,20260211_143126_rollout_20,A,champion_T4,1,1,0.9902538657188416,25.372399999469053,ok,
2026-02-11T14:31:56.774664+00:00,20260211_143126_rollout_20,A,champion_T4,1,1,0.9936973452568054,24.493600001733284,ok,
2026-02-11T14:31:56.804253+00:00,20260211_143126_rollout_20,A,champion_T4,1,1,0.9999961853027344,26.206900001852773,ok,
2026-02-11T14:31:56.830423+00:00,20260211_143126_rollout_20,A,champion_T4,1,1,0.9996774196624756,22.5758999986283,ok,
2026-02-11T14:31:56.862598+00:00,20260211_143126_rollout_20,A,champion_T4,1,1,0.9918941855430603,28.817899998102803,ok,
2026-02-11T14:31:56.900655+00:00,20260211_143126_rollout_20,A,champion_T4,1,1,0.9950489401817322,34.197900000435766,ok,
2026-02-11T14:31:56.933363+00:00,20260211_143126_rollout_20,A,champion_T4,1,1,0.9773771166801453,25.517899997794302,ok,
2026-02-11T14:31:56.962308+00:00,20260211_143126_rollout_20,A,champion_T4,1,1,0.9978551268577576,25.952200001484016,ok,
2026-02-11T14:31:56.992224+00:00,20260211_143126_rollout_20,A,champion_T4,1,1,0.9990850687026978,26.518999999098014,ok,
2026-02-11T14:31:57.022794+00:00,20260211_143126_rollout_20,A,champion_T4,1,1,0.9994913339614868,27.348700001311954,ok,
2026-02-11T14:31:57.053018+00:00,20260211_143126_rollout_20,A,champion_T4,1,1,0.9996849298477173,26.71790000022156,ok,
2026-02-11T14:31:57.079194+00:00,20260211_143126_rollout_20,A,champion_T4,1,1,0.9999939203262329,23.349499999312684,ok,
2026-02-11T14:31:57.107602+00:00,20260211_143126_rollout_20,A,champion_T4,1,1,0.9999979734420776,25.279400000727037,ok,
2026-02-11T14:31:57.135764+00:00,20260211_143126_rollout_20,A,champion_T4,1,1,0.999659538269043,24.736100000154693,ok,
2026-02-11T14:31:57.165746+00:00,20260211_143126_rollout_20,A,champion_T4,1,1,0.9995131492614746,26.843299998290604,ok,
2026-02-11T14:31:57.192836+00:00,20260211_143126_rollout_20,A,champion_T4,1,1,0.9980472326278687,23.755300000630086,ok,
2026-02-11T14:31:57.222039+00:00,20260211_143126_rollout_20,A,champion_T4,1,1,0.9991323351860046,25.711199999932433,ok,
2026-02-11T14:31:57.246911+00:00,20260211_143126_rollout_20,A,champion_T4,1,1,0.9995343685150146,21.67810000173631,ok,
2026-02-11T14:31:57.279273+00:00,20260211_143126_rollout_20,A,champion_T4,1,1,0.9987075328826904,28.925999999046326,ok,
2026-02-11T14:31:57.305141+00:00,20260211_143126_rollout_20,A,champion_T4,1,1,0.9999120235443115,22.543700000824174,ok,
2026-02-11T14:31:57.335455+00:00,20260211_143126_rollout_20,B,candidate_T7,1,1,0.9985742568969727,27.064800000516698,ok,
2026-02-11T14:31:57.363455+00:00,20260211_143126_rollout_20,A,champion_T4,1,1,0.9999935626983643,24.970599999505794,ok,
2026-02-11T14:31:57.395373+00:00,20260211_143126_rollout_20,A,champion_T4,1,1,0.9999080896377563,28.528900002129376,ok,
2026-02-11T14:31:57.425111+00:00,20260211_143126_rollout_20,A,champion_T4,1,1,0.9735639691352844,26.508400002057897,ok,
2026-02-11T14:31:57.454880+00:00,20260211_143126_rollout_20,A,champion_T4,1,1,0.9990336894989014,26.87330000117072,ok,
2026-02-11T14:31:57.484950+00:00,20260211_143126_rollout_20,B,candidate_T7,1,1,0.9657465815544128,26.48839999892516,ok,
2026-02-11T14:31:57.515411+00:00,20260211_143126_rollout_20,A,champion_T4,1,1,0.9980721473693848,27.396600002248306,ok,
2026-02-11T14:31:57.546488+00:00,20260211_143126_rollout_20,A,champion_T4,1,1,0.9977566599845886,28.10189999945578,ok,
2026-02-11T14:31:57.575166+00:00,20260211_143126_rollout_20,A,champion_T4,1,1,0.9998842477798462,25.638499999331543,ok,
2026-02-11T14:31:57.603584+00:00,20260211_143126_rollout_20,B,candidate_T7,1,1,0.9929631352424622,25.452099998801714,ok,
2026-02-11T14:31:57.634135+00:00,20260211_143126_rollout_20,A,champion_T4,1,1,0.9985179305076599,26.513799999520415,ok,
2026-02-11T14:31:57.661875+00:00,20260211_143126_rollout_20,A,champion_T4,1,1,0.9997898936271667,24.899500000174157,ok,
2026-02-11T14:31:57.689202+00:00,20260211_143126_rollout_20,A,champion_T4,1,1,0.9718545079231262,24.56750000055763,ok,
2026-02-11T14:31:57.714529+00:00,20260211_143126_rollout_20,A,champion_T4,1,1,0.9870215058326721,22.435300001234282,ok,
2026-02-11T14:31:57.742432+00:00,20260211_143126_rollout_20,A,champion_T4,1,1,0.9994730353355408,25.46020000227145,ok,
2026-02-11T14:31:57.769965+00:00,20260211_143126_rollout_20,A,champion_T4,1,1,0.9999730587005615,24.948800000856863,ok,
2026-02-11T14:31:57.794968+00:00,20260211_143126_rollout_20,A,champion_T4,1,1,0.7103250622749329,21.93520000218996,ok,
2026-02-11T14:31:57.823179+00:00,20260211_143126_rollout_20,A,champion_T4,1,1,0.9999887943267822,24.90839999882155,ok,
2026-02-11T14:31:57.854179+00:00,20260211_143126_rollout_20,A,champion_T4,1,1,0.9998853206634521,28.06849999979022,ok,
2026-02-11T14:31:57.884438+00:00,20260211_143126_rollout_20,A,champion_T4,1,1,0.9955910444259644,27.067999999417225,ok,
2026-02-11T14:31:57.915924+00:00,20260211_143126_rollout_20,A,champion_T4,1,1,0.9998962879180908,28.247800000826828,ok,
2026-02-11T14:31:57.944488+00:00,20260211_143126_rollout_20,B,candidate_T7,1,1,0.9846344590187073,25.203099998179823,ok,
2026-02-11T14:31:57.973076+00:00,20260211_143126_rollout_20,A,champion_T4,1,1,0.9999960660934448,25.635800000600284,ok,
2026-02-11T14:31:58.005090+00:00,20260211_143126_rollout_20,A,champion_T4,1,1,0.9999791383743286,28.63019999858807,ok,
2026-02-11T14:31:58.034057+00:00,20260211_143126_rollout_20,A,champion_T4,1,1,0.9971206784248352,25.777899998502107,ok,
2026-02-11T14:31:58.062466+00:00,20260211_143126_rollout_20,A,champion_T4,1,1,0.9959865212440491,25.512299998808885,ok,
2026-02-11T14:31:58.092293+00:00,20260211_143126_rollout_20,A,champion_T4,1,1,0.9973711967468262,26.86540000286186,ok,
2026-02-11T14:31:58.121933+00:00,20260211_143126_rollout_20,A,champion_T4,1,1,0.9999967813491821,26.57790000012028,ok,
2026-02-11T14:31:58.151151+00:00,20260211_143126_rollout_20,A,champion_T4,1,1,0.9999957084655762,26.419699999678414,ok,
2026-02-11T14:31:58.178058+00:00,20260211_143126_rollout_20,A,champion_T4,1,1,0.9984318614006042,23.76889999868581,ok,
2026-02-11T14:31:58.206965+00:00,20260211_143126_rollout_20,A,champion_T4,1,1,0.9999929666519165,25.209200000972487,ok,
2026-02-11T14:31:58.236103+00:00,20260211_143126_rollout_20,A,champion_T4,1,1,0.9999798536300659,25.77449999807868,ok,
2026-02-11T14:31:58.264261+00:00,20260211_143126_rollout_20,A,champion_T4,1,1,0.9999973773956299,25.042899997060886,ok,
2026-02-11T14:31:58.293418+00:00,20260211_143126_rollout_20,B,candidate_T7,1,1,0.9970158338546753,25.647599999501836,ok,
2026-02-11T14:31:58.319991+00:00,20260211_143126_rollout_20,A,champion_T4,1,1,0.9962016940116882,23.591400000441354,ok,
2026-02-11T14:31:58.347759+00:00,20260211_143126_rollout_20,A,champion_T4,1,1,0.9998565912246704,24.789699997199932,ok,
2026-02-11T14:31:58.375542+00:00,20260211_143126_rollout_20,A,champion_T4,1,1,0.9934203028678894,24.813399999402463,ok,
2026-02-11T14:31:58.405524+00:00,20260211_143126_rollout_20,B,candidate_T7,1,1,0.9607877135276794,27.012399998056935,ok,
2026-02-11T14:31:58.436724+00:00,20260211_143126_rollout_20,A,champion_T4,1,1,0.9994702935218811,28.095999998186016,ok,
2026-02-11T14:31:58.466353+00:00,20260211_143126_rollout_20,B,candidate_T7,1,1,0.9483211636543274,26.034900001832284,ok,
2026-02-11T14:31:58.495921+00:00,20260211_143126_rollout_20,A,champion_T4,1,1,0.9999445676803589,26.446799998666393,ok,
2026-02-11T14:31:58.525207+00:00,20260211_143126_rollout_20,B,candidate_T7,1,1,0.9330050945281982,26.192299999820534,ok,
2026-02-11T14:31:58.555847+00:00,20260211_143126_rollout_20,A,champion_T4,1,1,0.9995216131210327,27.346999999281252,ok,
2026-02-11T14:31:58.584572+00:00,20260211_143126_rollout_20,A,champion_T4,1,1,0.9913122057914734,25.5594000009296,ok,
2026-02-11T14:31:58.612586+00:00,20260211_143126_rollout_20,B,candidate_T7,1,1,0.916410505771637,24.705800002266187,ok,
2026-02-11T14:31:58.642253+00:00,20260211_143126_rollout_20,A,champion_T4,1,1,0.9983564019203186,26.2029999976221,ok,
2026-02-11T14:31:58.669258+00:00,20260211_143126_rollout_20,B,candidate_T7,1,1,0.9778683185577393,23.532899998826906,ok,
2026-02-11T14:31:58.700220+00:00,20260211_143126_rollout_20,A,champion_T4,1,1,0.9996931552886963,27.598099997703684,ok,
2026-02-11T14:31:58.728998+00:00,20260211_143126_rollout_20,B,candidate_T7,1,1,0.7684533596038818,25.778600000194274,ok,
2026-02-11T14:31:58.758841+00:00,20260211_143126_rollout_20,A,champion_T4,1,1,0.9993656277656555,26.99910000228556,ok,
2026-02-11T14:31:58.786447+00:00,20260211_143126_rollout_20,A,champion_T4,1,1,0.9990882873535156,24.626000002172077,ok,
2026-02-11T14:31:58.816734+00:00,20260211_143126_rollout_20,A,champion_T4,1,1,0.9841182231903076,27.411899998696754,ok,
2026-02-11T14:31:58.846357+00:00,20260211_143126_rollout_20,A,champion_T4,1,1,0.9754385948181152,26.56339999884949,ok,
2026-02-11T14:31:58.876108+00:00,20260211_143126_rollout_20,A,champion_T4,1,1,0.9999600648880005,26.95550000134972,ok,
2026-02-11T14:31:58.905177+00:00,20260211_143126_rollout_20,A,champion_T4,1,1,0.9999681711196899,26.186999999481486,ok,
2026-02-11T14:31:58.936264+00:00,20260211_143126_rollout_20,A,champion_T4,1,1,0.9999254941940308,27.406500001234235,ok,
2026-02-11T14:31:58.967788+00:00,20260211_143126_rollout_20,A,champion_T4,1,1,0.998384952545166,28.188200001750374,ok,
2026-02-11T14:31:58.997839+00:00,20260211_143126_rollout_20,B,candidate_T7,1,1,0.978156328201294,26.718799999798648,ok,
2026-02-11T14:31:59.028852+00:00,20260211_143126_rollout_20,B,candidate_T7,1,1,0.9669821858406067,27.158199998666532,ok,
2026-02-11T14:31:59.059046+00:00,20260211_143126_rollout_20,A,champion_T4,1,1,0.9993019104003906,27.06429999670945,ok,
2026-02-11T14:31:59.089315+00:00,20260211_143126_rollout_20,A,champion_T4,1,1,0.9997561573982239,26.784699999552686,ok,
2026-02-11T14:31:59.118989+00:00,20260211_143126_rollout_20,A,champion_T4,1,1,0.9950178265571594,26.45979999942938,ok,
2026-02-11T14:31:59.148031+00:00,20260211_143126_rollout_20,A,champion_T4,1,1,0.9997032284736633,26.25139999872772,ok,
2026-02-11T14:31:59.177646+00:00,20260211_143126_rollout_20,A,champion_T4,1,1,0.9993119239807129,26.30689999932656,ok,
2026-02-11T14:31:59.207528+00:00,20260211_143126_rollout_20,A,champion_T4,1,1,0.9943448305130005,25.438700002268888,ok,
2026-02-11T14:31:59.236685+00:00,20260211_143126_rollout_20,A,champion_T4,1,1,0.9853024482727051,26.067999999213498,ok,
2026-02-11T14:31:59.265368+00:00,20260211_143126_rollout_20,A,champion_T4,1,1,0.9914590120315552,25.86169999995036,ok,
2026-02-11T14:31:59.296104+00:00,20260211_143126_rollout_20,B,candidate_T7,1,1,0.9935424327850342,28.21829999811598,ok,
2026-02-11T14:31:59.325764+00:00,20260211_143126_rollout_20,B,candidate_T7,1,1,0.9643255472183228,26.299199998902623,ok,
2026-02-11T14:31:59.355788+00:00,20260211_143126_rollout_20,B,candidate_T7,1,1,0.5465263724327087,26.646599999367027,ok,
2026-02-11T14:31:59.385247+00:00,20260211_143126_rollout_20,B,candidate_T7,1,1,0.8247873187065125,25.91000000029453,ok,
2026-02-11T14:31:59.413102+00:00,20260211_143126_rollout_20,A,champion_T4,1,1,0.9994363188743591,24.574099999881582,ok,
2026-02-11T14:31:59.441441+00:00,20260211_143126_rollout_20,A,champion_T4,1,1,0.9998325109481812,25.53500000067288,ok,
2026-02-11T14:31:59.469227+00:00,20260211_143126_rollout_20,A,champion_T4,1,1,0.9981462955474854,24.86559999670135,ok,
2026-02-11T14:31:59.499361+00:00,20260211_143126_rollout_20,A,champion_T4,1,1,0.9995390176773071,26.61159999843221,ok,
2026-02-11T14:31:59.526406+00:00,20260211_143126_rollout_20,A,champion_T4,1,1,0.999962329864502,23.69820000239997,ok,
2026-02-11T14:31:59.553971+00:00,20260211_143126_rollout_20,B,candidate_T7,1,1,0.9283424019813538,24.77990000261343,ok,
2026-02-11T14:31:59.582857+00:00,20260211_143126_rollout_20,A,champion_T4,1,1,0.9973695278167725,25.849099998595193,ok,
2026-02-11T14:31:59.609395+00:00,20260211_143126_rollout_20,A,champion_T4,1,1,0.9991408586502075,23.283200000150828,ok,
2026-02-11T14:31:59.637144+00:00,20260211_143126_rollout_20,B,candidate_T7,1,1,0.8278951644897461,24.979400001029717,ok,
2026-02-11T14:31:59.665499+00:00,20260211_143126_rollout_20,A,champion_T4,1,1,0.9997870326042175,25.435399998968933,ok,
2026-02-11T14:31:59.694189+00:00,20260211_143126_rollout_20,A,champion_T4,1,1,0.999096155166626,26.06039999955101,ok,
2026-02-11T14:31:59.724616+00:00,20260211_143126_rollout_20,B,candidate_T7,1,1,0.9790713787078857,27.310500001476612,ok,
2026-02-11T14:31:59.751687+00:00,20260211_143126_rollout_20,B,candidate_T7,1,1,0.962368905544281,23.84900000106427,ok,
2026-02-11T14:31:59.780272+00:00,20260211_143126_rollout_20,A,champion_T4,1,1,0.999618411064148,26.047100000141654,ok,
2026-02-11T14:31:59.807929+00:00,20260211_143126_rollout_20,A,champion_T4,1,1,0.9964457154273987,24.81400000033318,ok,
2026-02-11T14:31:59.836119+00:00,20260211_143126_rollout_20,A,champion_T4,1,1,0.9999529123306274,25.33229999971809,ok,
2026-02-11T14:31:59.861104+00:00,20260211_143126_rollout_20,A,champion_T4,1,1,0.9993020296096802,22.43079999971087,ok,
2026-02-11T14:31:59.886218+00:00,20260211_143126_rollout_20,A,champion_T4,1,1,0.9988433122634888,22.118199998658383,ok,
2026-02-11T14:31:59.910144+00:00,20260211_143126_rollout_20,B,candidate_T7,1,1,0.9864314198493958,21.20889999787323,ok,
2026-02-11T14:31:59.939992+00:00,20260211_143126_rollout_20,A,champion_T4,1,1,0.9877561330795288,26.465099999768427,ok,
2026-02-11T14:31:59.969566+00:00,20260211_143126_rollout_20,A,champion_T4,1,1,0.9989275336265564,26.397100002213847,ok,
2026-02-11T14:31:59.998833+00:00,20260211_143126_rollout_20,B,candidate_T7,1,1,0.9930453896522522,26.163700000324752,ok,
2026-02-11T14:32:00.029305+00:00,20260211_143126_rollout_20,A,champion_T4,1,1,0.9999175071716309,27.448299999377923,ok,
2026-02-11T14:32:00.057862+00:00,20260211_143126_rollout_20,A,champion_T4,1,1,0.9981333613395691,25.353399996674852,ok,
2026-02-11T14:32:00.086715+00:00,20260211_143126_rollout_20,A,champion_T4,1,1,0.9998636245727539,26.042500001494773,ok,
2026-02-11T14:32:00.112767+00:00,20260211_143126_rollout_20,B,candidate_T7,1,1,0.904356837272644,22.951999999349937,ok,
2026-02-11T14:32:00.139405+00:00,20260211_143126_rollout_20,A,champion_T4,1,1,0.9999269247055054,23.405500000080792,ok,
2026-02-11T14:32:00.165606+00:00,20260211_143126_rollout_20,A,champion_T4,1,1,0.9995535016059875,23.304800000914838,ok,
2026-02-11T14:32:00.196074+00:00,20260211_143126_rollout_20,A,champion_T4,1,1,0.9999390840530396,27.251600000454346,ok,
2026-02-11T14:32:00.225614+00:00,20260211_143126_rollout_20,A,champion_T4,1,1,0.9999462366104126,26.0989000016707,ok,
2026-02-11T14:32:00.254139+00:00,20260211_143126_rollout_20,A,champion_T4,1,1,0.9992828965187073,25.613800000428455,ok,
2026-02-11T14:32:00.282455+00:00,20260211_143126_rollout_20,A,champion_T4,1,1,0.9998486042022705,25.081699997826945,ok,
2026-02-11T14:32:00.313206+00:00,20260211_143126_rollout_20,A,champion_T4,1,1,0.9995321035385132,27.382500000385335,ok,
2026-02-11T14:32:00.342070+00:00,20260211_143126_rollout_20,A,champion_T4,1,1,0.9998748302459717,25.913400000717957,ok,
2026-02-11T14:32:00.369822+00:00,20260211_143126_rollout_20,A,champion_T4,1,1,0.9979826211929321,24.834799998643575,ok,
2026-02-11T14:32:00.393630+00:00,20260211_143126_rollout_20,B,candidate_T7,1,1,0.9575297832489014,20.943499999702908,ok,
2026-02-11T14:32:00.419883+00:00,20260211_143126_rollout_20,A,champion_T4,1,1,0.8547675013542175,23.682999999437016,ok,
2026-02-11T14:32:00.447415+00:00,20260211_143126_rollout_20,A,champion_T4,1,1,0.9999901056289673,24.755000002187444,ok,
2026-02-11T14:32:00.476269+00:00,20260211_143126_rollout_20,A,champion_T4,1,1,0.9999918937683105,25.94680000038352,ok,
2026-02-11T14:32:00.504630+00:00,20260211_143126_rollout_20,A,champion_T4,1,1,0.9999904632568359,25.506699999823468,ok,
2026-02-11T14:32:00.533363+00:00,20260211_143126_rollout_20,A,champion_T4,1,1,0.9999735355377197,26.081299998622853,ok,
2026-02-11T14:32:00.562854+00:00,20260211_143126_rollout_20,A,champion_T4,1,1,0.9995036125183105,26.33150000110618,ok,
2026-02-11T14:32:00.592102+00:00,20260211_143126_rollout_20,A,champion_T4,1,1,0.9999722242355347,26.15470000091591,ok,
2026-02-11T14:32:00.620832+00:00,20260211_143126_rollout_20,A,champion_T4,1,1,0.9997140765190125,25.899599997501355,ok,
2026-02-11T14:32:00.646933+00:00,20260211_143126_rollout_20,A,champion_T4,1,1,0.9996180534362793,23.293399997783126,ok,
2026-02-11T14:32:00.673881+00:00,20260211_143126_rollout_20,A,champion_T4,1,1,0.9999697208404541,24.140400000760565,ok,
2026-02-11T14:32:00.700814+00:00,20260211_143126_rollout_20,A,champion_T4,1,1,0.9999958276748657,24.265600000944687,ok,
2026-02-11T14:32:00.729174+00:00,20260211_143126_rollout_20,A,champion_T4,1,1,0.99998939037323,25.645000001532026,ok,
2026-02-11T14:32:00.756991+00:00,20260211_143126_rollout_20,A,champion_T4,1,1,0.999985933303833,25.013999998918734,ok,
2026-02-11T14:32:00.785783+00:00,20260211_143126_rollout_20,A,champion_T4,1,1,0.9999964237213135,25.763199999346398,ok,
2026-02-11T14:32:00.813045+00:00,20260211_143126_rollout_20,A,champion_T4,1,1,0.995934009552002,24.79250000033062,ok,
2026-02-11T14:32:00.838759+00:00,20260211_143126_rollout_20,A,champion_T4,1,1,0.9998689889907837,23.075000000972068,ok,
2026-02-11T14:32:00.866148+00:00,20260211_143126_rollout_20,B,candidate_T7,1,1,0.9921078085899353,23.957199999131262,ok,
2026-02-11T14:32:00.894059+00:00,20260211_143126_rollout_20,A,champion_T4,1,1,0.9998239874839783,25.03670000078273,ok,
2026-02-11T14:32:00.921903+00:00,20260211_143126_rollout_20,A,champion_T4,1,1,0.9999980926513672,24.962899999081856,ok,
2026-02-11T14:32:00.950207+00:00,20260211_143126_rollout_20,A,champion_T4,1,1,0.999915361404419,25.773299999855226,ok,
2026-02-11T14:32:00.979151+00:00,20260211_143126_rollout_20,A,champion_T4,1,1,0.9999622106552124,25.974599997425685,ok,
2026-02-11T14:32:01.008674+00:00,20260211_143126_rollout_20,A,champion_T4,1,1,0.9986642599105835,26.669299997593043,ok,
2026-02-11T14:32:01.035920+00:00,20260211_143126_rollout_20,B,candidate_T7,1,1,0.9757179021835327,24.80950000244775,ok,
2026-02-11T14:32:01.062121+00:00,20260211_143126_rollout_20,A,champion_T4,1,1,0.9999805688858032,23.748300001898315,ok,
2026-02-11T14:32:01.091465+00:00,20260211_143126_rollout_20,B,candidate_T7,1,1,0.9974352717399597,26.802200001839083,ok,
2026-02-11T14:32:01.122246+00:00,20260211_143126_rollout_20,A,champion_T4,1,1,0.999961256980896,28.314399998635054,ok,
2026-02-11T14:32:01.150242+00:00,20260211_143126_rollout_20,A,champion_T4,1,1,0.9997788071632385,25.072299999010283,ok,
2026-02-11T14:32:01.178736+00:00,20260211_143126_rollout_20,A,champion_T4,1,1,0.9999772310256958,25.033400001120754,ok,
2026-02-11T14:32:01.206355+00:00,20260211_143126_rollout_20,A,champion_T4,1,1,0.9999920129776001,24.36689999740338,ok,
2026-02-11T14:32:01.235209+00:00,20260211_143126_rollout_20,A,champion_T4,1,1,0.9999986886978149,25.577899999916553,ok,
2026-02-11T14:32:01.261759+00:00,20260211_143126_rollout_20,A,champion_T4,1,1,0.9999707937240601,24.011800000153016,ok,
2026-02-11T14:32:01.286163+00:00,20260211_143126_rollout_20,B,candidate_T7,1,1,0.9953045845031738,21.52419999765698,ok,
2026-02-11T14:32:01.313919+00:00,20260211_143126_rollout_20,A,champion_T4,1,1,0.9214218854904175,24.93500000127824,ok,
2026-02-11T14:32:01.340037+00:00,20260211_143126_rollout_20,B,candidate_T7,1,1,0.9682336449623108,23.748700001306133,ok,
2026-02-11T14:32:01.365125+00:00,20260211_143126_rollout_20,A,champion_T4,1,1,0.999653697013855,22.608999999647494,ok,
2026-02-11T14:32:01.389371+00:00,20260211_143126_rollout_20,A,champion_T4,1,1,0.999841570854187,21.73680000123568,ok,
2026-02-11T14:32:01.417653+00:00,20260211_143126_rollout_20,A,champion_T4,1,1,0.9999656677246094,25.69450000009965,ok,
2026-02-11T14:32:01.449270+00:00,20260211_143126_rollout_20,A,champion_T4,1,1,0.9999825954437256,28.56920000340324,ok,
2026-02-11T14:32:01.477563+00:00,20260211_143126_rollout_20,A,champion_T4,1,1,0.9999816417694092,25.412599999981467,ok,
2026-02-11T14:32:01.505552+00:00,20260211_143126_rollout_20,A,champion_T4,1,1,0.9999960660934448,25.587000000086846,ok,
2026-02-11T14:32:01.534394+00:00,20260211_143126_rollout_20,A,champion_T4,1,1,0.9999990463256836,26.160400000662776,ok,
2026-02-11T14:32:01.562154+00:00,20260211_143126_rollout_20,B,candidate_T7,1,1,0.993671178817749,25.22060000046622,ok,
2026-02-11T14:32:01.592118+00:00,20260211_143126_rollout_20,A,champion_T4,1,1,0.9988356232643127,26.75999999701162,ok,
2026-02-11T14:32:01.620497+00:00,20260211_143126_rollout_20,A,champion_T4,1,1,0.9999997615814209,25.550300000759307,ok,
2026-02-11T14:32:01.648779+00:00,20260211_143126_rollout_20,A,champion_T4,1,1,0.9999996423721313,25.59310000287951,ok,
2026-02-11T14:32:01.676782+00:00,20260211_143126_rollout_20,A,champion_T4,1,1,0.9999686479568481,25.281999998696847,ok,
2026-02-11T14:32:01.705308+00:00,20260211_143126_rollout_20,A,champion_T4,1,1,0.9999576807022095,26.05519999997341,ok,
2026-02-11T14:32:01.734535+00:00,20260211_143126_rollout_20,A,champion_T4,1,1,0.9999732971191406,26.791500000399537,ok,
2026-02-11T14:32:01.766157+00:00,20260211_143126_rollout_20,A,champion_T4,1,1,0.9999971389770508,28.07340000072145,ok,
2026-02-11T14:32:01.793345+00:00,20260211_143126_rollout_20,A,champion_T4,1,1,0.9999631643295288,24.415899999439716,ok,
2026-02-11T14:32:01.819919+00:00,20260211_143126_rollout_20,A,champion_T4,1,1,0.9999830722808838,23.95789999718545,ok,
2026-02-11T14:32:01.848497+00:00,20260211_143126_rollout_20,A,champion_T4,1,1,0.9999942779541016,26.236199999402743,ok,
2026-02-11T14:32:01.876638+00:00,20260211_143126_rollout_20,A,champion_T4,1,1,0.9999644756317139,25.736899999174057,ok,
2026-02-11T14:32:01.905789+00:00,20260211_143126_rollout_20,A,champion_T4,1,1,0.9999774694442749,26.661299998522736,ok,
2026-02-11T14:32:01.934095+00:00,20260211_143126_rollout_20,B,candidate_T7,1,1,0.9751446843147278,25.870099998428486,ok,
2026-02-11T14:32:01.963975+00:00,20260211_143126_rollout_20,B,candidate_T7,1,1,0.9564208984375,27.25079999800073,ok,
2026-02-11T14:32:01.993374+00:00,20260211_143126_rollout_20,B,candidate_T7,1,1,0.7152510285377502,26.335499998822343,ok,
