timestamp,pred_class,confidence,latency_ms
2026-02-11T08:54:58.689739,0,0.9978551268577576,571.6229999998177
2026-02-11T08:54:58.764322,0,0.9997574687004089,41.06000000001586
2026-02-11T08:54:58.845165,0,0.9983055591583252,38.6727999998584
2026-02-11T08:54:58.908346,0,0.9818472266197205,41.49109999980283
2026-02-11T08:54:58.979464,0,0.9973848462104797,37.673199999971985
2026-02-11T08:54:59.041764,0,0.999171257019043,34.97740000011618
2026-02-11T08:54:59.107758,0,0.9888910055160522,38.09369999999035
2026-02-11T08:54:59.176312,0,0.7363600730895996,33.00799999988158
2026-02-11T08:54:59.247551,0,0.6359444856643677,30.748399999993126
2026-02-11T08:54:59.317592,0,0.9998664855957031,33.736899999894376
2026-02-11T08:54:59.408755,0,0.9997329115867615,35.65579999985857
2026-02-11T08:54:59.468829,0,0.6949419975280762,39.33740000002217
2026-02-11T08:54:59.564213,0,0.9038277864456177,35.01649999998335
2026-02-11T08:54:59.624211,0,0.9974187612533569,32.61820000034277
2026-02-11T08:54:59.686475,0,0.8631938099861145,37.83479999992778
2026-02-11T08:54:59.770318,0,0.9991742968559265,38.075299999945855
2026-02-11T08:54:59.828047,1,0.9994179010391235,48.14219999980196
2026-02-11T08:54:59.903120,0,0.9978189468383789,43.80189999983486
2026-02-11T08:54:59.991815,0,0.9952232241630554,33.02890000031766
2026-02-11T08:55:00.069958,0,0.9933021068572998,35.0229999999101
2026-02-11T08:55:00.163576,0,0.8844844698905945,31.581400000050053
2026-02-11T08:55:00.242813,0,0.9987657070159912,28.805299999930867
2026-02-11T08:55:00.301564,0,0.9726256132125854,32.1868999999424
2026-02-11T08:55:00.363359,0,0.9926024079322815,31.158800000412157
2026-02-11T08:55:00.434949,0,0.9896349310874939,34.364000000095984
2026-02-11T08:55:00.495918,0,0.9985490441322327,28.54349999961414
2026-02-11T08:55:00.551413,0,0.9579881429672241,31.51220000017929
2026-02-11T08:55:00.637609,0,0.9979850053787231,32.055399999990186
2026-02-11T08:55:00.703756,0,0.9923622608184814,32.19540000009147
2026-02-11T08:55:00.763293,0,0.9981380701065063,27.615500000138127
2026-02-11T08:55:00.834420,0,0.8794966340065002,30.870900000081747
2026-02-11T08:55:00.903953,0,0.9956054091453552,31.909100000120816
2026-02-11T08:55:00.975959,0,0.9984011054039001,30.54790000032881
2026-02-11T08:55:01.074794,0,0.9992544054985046,31.532200000128796
2026-02-11T08:55:01.139527,0,0.9991747736930847,31.700699999873905
2026-02-11T08:55:01.189444,0,0.9261568188667297,30.710300000009738
2026-02-11T08:55:01.275153,0,0.9997926354408264,33.35909999987052
2026-02-11T08:55:01.324358,0,0.9999371767044067,30.818700000054378
2026-02-11T08:55:01.374770,0,0.9990900754928589,29.94669999998223
2026-02-11T08:55:01.450957,0,0.9993749260902405,33.75129999994897
2026-02-11T08:55:01.497971,0,0.5403396487236023,31.244299999798386
2026-02-11T08:55:01.554430,0,0.9988238215446472,35.29099999968821
2026-02-11T08:55:01.606263,0,0.9811692833900452,30.92640000022584
2026-02-11T08:55:01.658656,0,0.9999477863311768,29.198799999903713
2026-02-11T08:55:01.715952,0,0.9554575681686401,30.01189999986309
2026-02-11T08:55:01.759805,1,0.9920451641082764,33.947299999908864
2026-02-11T08:55:01.813153,0,0.7283025979995728,31.119899999794143
2026-02-11T08:55:01.863890,0,0.8948749899864197,30.932600000141974
2026-02-11T08:55:01.913932,1,0.9437288045883179,29.91520000023229
2026-02-11T08:55:01.953973,0,0.8686907887458801,27.60309999985111
2026-02-11T08:55:02.002385,0,0.9957316517829895,35.12330000012298
2026-02-11T08:55:02.055810,0,0.9839558005332947,26.94340000016382
2026-02-11T08:55:02.098878,0,0.7644690275192261,26.221199999781675
2026-02-11T08:55:02.151298,0,0.9961995482444763,26.764900000216585
2026-02-11T08:55:02.199300,0,0.687614917755127,26.387099999737984
2026-02-11T08:55:02.267746,0,0.9995212554931641,28.221600000051694
2026-02-11T08:55:02.315605,0,0.814807116985321,27.663100000154373
2026-02-11T08:55:02.373284,0,0.9695023894309998,27.586300000166375
2026-02-11T08:55:02.424484,0,0.8661726713180542,27.235600000039994
2026-02-11T08:55:02.467523,0,0.9795276522636414,27.601399999639398
2026-02-11T08:55:02.520130,0,0.998698353767395,27.24610000041139
2026-02-11T08:55:02.568435,0,0.9525496959686279,27.920300000005227
2026-02-11T08:55:02.613722,1,0.7681639194488525,31.219899999996414
2026-02-11T08:55:02.679853,0,0.9999417066574097,33.049900000150956
2026-02-11T08:55:02.734422,0,0.9988967180252075,30.887900000379886
2026-02-11T08:55:02.788508,0,0.9993818998336792,30.308599999898433
2026-02-11T08:55:02.842384,0,0.8897978067398071,31.77270000014687
2026-02-11T08:55:02.891566,0,0.6992303133010864,30.419400000027963
2026-02-11T08:55:02.945029,0,0.9930476546287537,28.99650000017573
2026-02-11T08:55:03.008586,0,0.9874892830848694,29.449099999965256
2026-02-11T08:55:03.068291,0,0.9751577377319336,29.314400000203023
2026-02-11T08:55:03.130939,0,0.9980005621910095,28.837400000156777
2026-02-11T08:55:03.195721,0,0.9841290712356567,29.858800000056362
2026-02-11T08:55:03.247839,0,0.9967367053031921,28.26489999961268
2026-02-11T08:55:03.298080,0,0.9884627461433411,27.796999999736727
2026-02-11T08:55:03.363817,0,0.9979581832885742,28.9346999998088
2026-02-11T08:55:03.428228,0,0.9990074038505554,28.711400000247522
2026-02-11T08:55:03.506703,0,0.9987925291061401,26.486999999633554
2026-02-11T08:55:03.583478,0,0.9999885559082031,29.857600000013917
2026-02-11T08:55:03.631065,0,0.9931185245513916,27.471200000036333
2026-02-11T08:55:03.682504,1,0.6198365092277527,28.07089999987511
2026-02-11T08:55:03.728151,0,0.9992766976356506,25.136700000075507
2026-02-11T08:55:03.785514,0,0.9964392781257629,27.034400000047754
2026-02-11T08:55:03.863666,0,0.9996399879455566,28.898800000206393
2026-02-11T08:55:03.912509,0,0.9892355799674988,26.84319999980289
2026-02-11T08:55:03.978297,0,0.9949506521224976,29.039799999736715
2026-02-11T08:55:04.054401,0,0.9971791505813599,32.34389999988707
2026-02-11T08:55:04.136178,0,0.948490560054779,29.633199999807402
2026-02-11T08:55:04.190559,0,0.9472005367279053,26.353700000072422
2026-02-11T08:55:04.272147,0,0.9975123405456543,26.89009999994596
2026-02-11T08:55:04.334658,0,0.9987568855285645,27.017899999918882
2026-02-11T08:55:04.408898,0,0.9866105914115906,27.29239999962374
2026-02-11T08:55:04.487625,0,0.978112518787384,25.58290000024499
2026-02-11T08:55:04.546277,0,0.8406352996826172,27.33089999992444
2026-02-11T08:55:04.635811,0,0.951072633266449,29.816499999924417
2026-02-11T08:55:04.712709,0,0.951072633266449,27.99719999984518
2026-02-11T08:55:04.752043,0,0.9411555528640747,26.13550000023679
2026-02-11T08:55:04.826958,0,0.9134246706962585,27.36810000033074
2026-02-11T08:55:04.895817,0,0.9765848517417908,27.003900000181602
2026-02-11T08:55:04.952315,0,0.9619724750518799,28.39929999981905
2026-02-11T08:55:05.025649,0,0.9973663687705994,35.23589999986143
2026-02-11T08:55:05.095310,0,0.7406806945800781,30.539200000021083
2026-02-11T08:55:05.174320,0,0.9979954957962036,28.747500000008586
2026-02-11T08:55:05.237985,0,0.7455201745033264,28.56080000037764
2026-02-11T08:55:05.312379,0,0.9496822357177734,30.51370000002862
2026-02-11T08:55:05.371673,0,0.8614994287490845,29.16770000001634
2026-02-11T08:55:05.447898,0,0.995161235332489,30.74960000003557
2026-02-11T08:55:05.516055,0,0.9997319579124451,32.97710000015286
2026-02-11T08:55:05.575964,0,0.670207679271698,31.562900000153604
2026-02-11T08:55:05.650291,0,0.9543084502220154,31.966100000317965
2026-02-11T08:55:05.721588,0,0.9035657644271851,30.707999999776803
2026-02-11T08:55:05.782991,0,0.9692943692207336,30.155800000102317
2026-02-11T08:55:05.849821,0,0.9994733929634094,33.229600000140636
2026-02-11T08:55:05.912860,0,0.9442152976989746,31.737499999962893
2026-02-11T08:55:05.970702,0,0.9914084076881409,28.876599999875907
2026-02-11T08:55:06.033728,0,0.8117237687110901,33.78280000015366
2026-02-11T08:55:06.091978,0,0.8656224608421326,32.051400000000285
2026-02-11T08:55:06.144766,0,0.503989577293396,34.24840000025142
2026-02-11T08:55:06.196433,0,0.503989577293396,32.48859999985143
2026-02-11T08:55:06.251062,1,0.9372208118438721,33.14159999990807
2026-02-11T08:55:06.317947,1,0.9104022979736328,33.05590000036318
2026-02-11T08:55:06.390707,1,0.9711456894874573,32.558200000039506
2026-02-11T08:55:06.447344,1,0.9400922656059265,31.935199999679753
2026-02-11T08:55:06.531764,1,0.758969247341156,52.466999999978725
2026-02-11T08:55:06.602263,1,0.9834941625595093,46.57069999984742
2026-02-11T08:55:06.654541,0,0.9782711863517761,28.13479999986157
2026-02-11T08:55:06.705724,1,0.9988604784011841,27.849399999922753
2026-02-11T08:55:06.775777,0,0.9910248517990112,29.20350000022154
2026-02-11T08:55:06.826906,1,0.5117346048355103,28.606500000023516
2026-02-11T08:55:06.873818,1,0.9786514639854431,33.112699999946926
2026-02-11T08:55:06.923561,1,0.5958262085914612,32.482900000104564
2026-02-11T08:55:06.976801,1,0.9567436575889587,29.47330000006332
2026-02-11T08:55:07.028929,1,0.8505433797836304,26.901899999757006
2026-02-11T08:55:07.077042,1,0.9961562752723694,28.733899999679124
2026-02-11T08:55:07.130928,1,0.8245503306388855,30.436900000040623
2026-02-11T08:55:07.181447,1,0.6983979344367981,27.130200000101468
2026-02-11T08:55:07.232810,0,0.7302406430244446,28.718300000036834
2026-02-11T08:55:07.276178,0,0.7198073863983154,26.31420000034268
2026-02-11T08:55:07.318015,0,0.530617356300354,26.919299999917712
2026-02-11T08:55:07.359815,0,0.530617356300354,27.166699999725097
2026-02-11T08:55:07.402816,1,0.9914149641990662,24.393400000008114
2026-02-11T08:55:07.444667,1,0.6803964376449585,24.168000000372558
2026-02-11T08:55:07.499760,1,0.7983143925666809,27.15280000029452
2026-02-11T08:55:07.544618,1,0.9738604426383972,28.13479999986157
2026-02-11T08:55:07.580839,1,0.9998983144760132,27.04039999980523
2026-02-11T08:55:07.629513,1,0.5359668731689453,24.369300000216754
2026-02-11T08:55:07.676064,1,0.7639956474304199,23.877099999936036
2026-02-11T08:55:07.724550,0,0.5688467025756836,24.573700000019016
2026-02-11T08:55:07.767675,0,0.9940874576568604,24.599100000159524
2026-02-11T08:55:07.825059,0,0.9225951433181763,27.267899999969814
2026-02-11T08:55:07.878422,0,0.9966210126876831,25.488600000244332
2026-02-11T08:55:07.928788,0,0.7280853986740112,24.88790000006702
2026-02-11T08:55:07.983883,0,0.9543281197547913,24.924400000145397
2026-02-11T08:55:08.040789,0,0.6410868167877197,25.17630000011195
2026-02-11T08:55:08.096142,0,0.6778379678726196,28.946000000360073
2026-02-11T08:55:08.142670,0,0.9999128580093384,26.18159999974523
2026-02-11T08:55:08.190187,0,0.7980610728263855,24.613099999896804
2026-02-11T08:55:08.301757,0,0.9087867736816406,70.30689999965034
2026-02-11T08:55:08.406403,0,0.975059449672699,25.212699999883625
2026-02-11T08:55:08.449831,0,0.9376524090766907,26.56799999977011
2026-02-11T08:55:08.498490,1,0.7803242206573486,29.488099999980477
2026-02-11T08:55:08.553309,0,0.9926776885986328,27.081700000053388
2026-02-11T08:55:08.621982,0,0.93506920337677,31.506499999977677
2026-02-11T08:55:08.671259,0,0.9689033031463623,31.19299999980285
2026-02-11T08:55:08.740262,0,0.9858344197273254,30.31600000031176
2026-02-11T08:55:08.790523,0,0.9971957206726074,31.789799999842216
2026-02-11T08:55:08.870622,1,0.572472333908081,29.774300000099174
2026-02-11T08:55:08.921320,0,0.9991793036460876,30.57810000018435
2026-02-11T08:55:08.980405,0,0.929773211479187,28.912400000081107
2026-02-11T08:55:09.038733,0,0.9960512518882751,30.878800000209594
2026-02-11T08:55:09.122428,0,0.9974361062049866,52.646399999957794
2026-02-11T08:55:09.178124,0,0.9157825112342834,30.77609999991182
2026-02-11T08:55:09.230132,0,0.7748926281929016,30.71219999992536
2026-02-11T08:55:09.282457,0,0.6585946083068848,30.133500000374625
2026-02-11T08:55:09.336938,0,0.9537279605865479,27.951800000209914
2026-02-11T08:55:09.397058,0,0.9751551151275635,28.686499999821535
2026-02-11T08:55:09.457281,0,0.9992794394493103,27.51189999980852
2026-02-11T08:55:09.517045,0,0.9979954957962036,29.48229999992691
2026-02-11T08:55:09.583086,0,0.9952846169471741,31.944999999723223
2026-02-11T08:55:09.648669,0,0.9943196773529053,28.040900000178226
2026-02-11T08:55:09.759925,0,0.985700249671936,81.41130000012708
2026-02-11T08:55:09.812386,1,0.9098429083824158,33.766499999728694
2026-02-11T08:55:09.858201,0,0.8389841914176941,30.467900000076042
2026-02-11T08:55:09.916714,0,0.9968829154968262,31.177299999853858
2026-02-11T08:55:09.976934,0,0.9910797476768494,31.61560000035024
2026-02-11T08:55:10.043442,0,0.9998921155929565,33.89519999973345
2026-02-11T08:55:10.084616,0,0.7948015928268433,30.458200000339275
2026-02-11T08:55:10.143405,0,0.9990384578704834,33.68750000026921
2026-02-11T08:55:10.193770,1,0.5030985474586487,29.43090000007942
2026-02-11T08:55:10.239540,0,0.9994155168533325,28.286699999625853
2026-02-11T08:55:10.282524,0,0.9318258166313171,29.93689999993876
2026-02-11T08:55:10.331106,0,0.9965028762817383,29.493300000012823
2026-02-11T08:55:10.400119,0,0.9993428587913513,30.12829999988753
2026-02-11T08:55:10.438862,1,0.8755354881286621,28.47810000002937
2026-02-11T08:55:10.489331,0,0.9952518939971924,30.709099999967293
2026-02-11T08:55:10.542099,0,0.9890387058258057,28.058400000190886
2026-02-11T08:55:10.609613,0,0.9929651021957397,33.02029999986189
2026-02-11T08:55:10.658520,0,0.7413474917411804,32.35439999980372
2026-02-11T08:55:10.713709,0,0.7829757928848267,34.523600000284205
2026-02-11T08:55:10.772864,0,0.9973382353782654,36.36640000013358
2026-02-11T08:55:10.818144,0,0.727279782295227,29.9990000003163
2026-02-11T08:55:10.873227,0,0.9925944209098816,31.50020000020959
2026-02-11T08:55:10.920418,0,0.9026307463645935,32.62330000006841
2026-02-11T08:55:10.971795,0,0.9953849911689758,30.17309999995632
2026-02-11T08:55:11.021643,0,0.9797817468643188,31.56249999983629
2026-02-11T08:55:11.074424,0,0.9902504682540894,27.711100000033184
2026-02-11T08:55:11.117270,0,0.9890312552452087,30.102699999588367
2026-02-11T08:55:11.165673,0,0.9668219089508057,28.82320000026084
2026-02-11T08:55:11.215393,0,0.9996750354766846,29.7459000003073
2026-02-11T08:55:11.258161,1,0.5705854892730713,31.50729999970281
2026-02-11T08:55:11.318532,0,0.9176451563835144,36.26269999995202
2026-02-11T08:55:11.370803,0,0.9906801581382751,33.1810000002406
2026-02-11T08:55:11.429998,0,0.9997356534004211,30.898100000285922
2026-02-11T08:55:11.492545,0,0.7298038005828857,30.996899999991
2026-02-11T08:55:11.539086,0,0.9984408020973206,30.749399999876914
2026-02-11T08:55:11.602028,0,0.9222922921180725,33.20410000014817
2026-02-11T08:55:11.651064,0,0.8376308083534241,30.771699999604607
2026-02-11T08:55:11.690668,1,0.7776981592178345,27.44010000014896
2026-02-11T08:55:11.749049,0,0.8771171569824219,31.973699999980454
2026-02-11T08:55:11.793727,0,0.8403768539428711,29.96260000008988
2026-02-11T08:55:11.842350,0,0.7520576119422913,30.85400000009031
2026-02-11T08:55:11.883178,0,0.594291627407074,29.549800000040705
2026-02-11T08:55:11.933445,0,0.7120456099510193,31.047100000250794
2026-02-11T08:55:11.978896,0,0.9109088778495789,29.695900000206166
2026-02-11T08:55:12.029295,0,0.999842643737793,28.844999999819265
2026-02-11T08:55:12.090529,0,0.9910915493965149,31.819799999993847
2026-02-11T08:55:12.151688,1,0.7302210927009583,38.92099999984566
2026-02-11T08:55:12.225162,0,0.9928861260414124,33.97910000012416
2026-02-11T08:55:12.272167,1,0.7244105935096741,29.6160000002601
2026-02-11T08:55:12.331161,0,0.983513593673706,30.31630000032237
2026-02-11T08:55:12.372398,0,0.6881257891654968,27.56359999966662
2026-02-11T08:55:12.423274,0,0.8676536083221436,27.038199999878998
2026-02-11T08:55:12.479961,0,0.9979615211486816,27.79240000018035
2026-02-11T08:55:12.542861,0,0.8917636275291443,31.864100000348117
2026-02-11T08:55:12.585849,1,0.9955145716667175,29.07939999977316
2026-02-11T08:55:12.626910,1,0.9999834299087524,29.978099999880214
2026-02-11T08:55:12.663998,1,0.9999533891677856,27.92070000032254
2026-02-11T08:55:12.700952,1,0.9999943971633911,27.246800000284566
2026-02-11T08:55:12.732750,1,0.9999949932098389,25.00579999968977
2026-02-11T08:55:12.766175,1,0.9999973773956299,26.3558000001467
2026-02-11T08:55:12.799087,1,0.9999799728393555,24.929799999881652
2026-02-11T08:55:12.838150,1,0.9999550580978394,27.83030000000508
2026-02-11T08:55:12.877827,1,0.9994593262672424,27.845000000070286
2026-02-11T08:55:12.914334,1,0.9998431205749512,27.569799999582756
2026-02-11T08:55:12.949918,1,0.999955415725708,26.908399999683752
2026-02-11T08:55:12.993588,1,0.9841651916503906,27.3827999999412
2026-02-11T08:55:13.028513,1,0.9999966621398926,25.8918999998059
2026-02-11T08:55:13.064332,1,0.9999223947525024,26.603199999954086
2026-02-11T08:55:13.104040,1,0.9895263910293579,26.863000000048487
2026-02-11T08:55:13.140783,1,0.9999405145645142,26.446800000030635
2026-02-11T08:55:13.176454,1,0.9999737739562988,27.354899999863846
2026-02-11T08:55:13.218564,1,0.9999954700469971,26.371599999947648
2026-02-11T08:55:13.262509,1,0.9998687505722046,28.830700000071374
2026-02-11T08:55:13.299430,1,0.9999502897262573,24.258800000097835
2026-02-11T08:55:13.342807,1,0.9963517189025879,26.13759999985632
2026-02-11T08:55:13.382215,1,0.9995755553245544,27.185800000097515
2026-02-11T08:55:13.418162,1,0.9999951124191284,26.828399999885733
2026-02-11T08:55:13.460332,1,0.999976396560669,28.617199999644072
2026-02-11T08:55:13.498754,1,0.9990702271461487,28.00759999990987
2026-02-11T08:55:13.536112,1,0.9921962022781372,27.64819999993051
2026-02-11T08:55:13.580443,1,0.9999887943267822,33.257399999911286
2026-02-11T08:55:13.625715,1,0.9999995231628418,35.02179999986765
2026-02-11T08:55:13.661644,1,0.9999964237213135,26.477800000066054
2026-02-11T08:55:13.697474,1,0.9999336004257202,25.82620000021052
2026-02-11T08:55:13.746527,1,0.9990062117576599,27.96119999993607
2026-02-11T08:55:13.830858,1,0.9998593330383301,67.48849999985396
2026-02-11T08:55:13.871530,1,0.9999988079071045,30.35390000013649
2026-02-11T08:55:13.936705,1,0.9994657635688782,52.651999999852706
2026-02-11T08:55:13.974701,1,0.9999963045120239,29.19400000018868
2026-02-11T08:55:14.010138,1,0.9999654293060303,27.421899999808375
2026-02-11T08:55:14.047713,1,0.9999608993530273,28.293200000007346
2026-02-11T08:55:14.087433,1,0.9999505281448364,29.65680000033899
2026-02-11T08:55:14.125390,1,0.9993979930877686,29.738499999893975
2026-02-11T08:55:14.163961,1,0.9999986886978149,27.326399999765272
2026-02-11T08:55:14.204683,1,0.9999983310699463,29.72589999990305
2026-02-11T08:55:14.245752,1,0.9999966621398926,28.810499999963213
2026-02-11T08:55:14.289347,1,0.993619978427887,27.706400000170106
2026-02-11T08:55:14.328028,1,0.9998918771743774,30.014999999821157
2026-02-11T08:55:14.372594,1,0.9980908036231995,30.958999999711523
2026-02-11T08:55:14.412992,1,0.999932050704956,29.434999999921274
2026-02-11T08:55:14.450129,1,0.9986918568611145,29.894900000272173
2026-02-11T08:55:14.486486,1,0.9973402619361877,29.071099999782746
2026-02-11T08:55:14.525259,0,0.7381026148796082,28.857499999958236
2026-02-11T08:55:14.560300,1,0.999764621257782,27.39659999997457
2026-02-11T08:55:14.599387,1,0.9988715052604675,31.492999999954918
2026-02-11T08:55:14.642224,1,0.9999992847442627,31.50679999998829
2026-02-11T08:55:14.683045,1,0.9999487400054932,29.080400000111695
2026-02-11T08:55:14.734208,1,0.993837296962738,31.250799999725132
2026-02-11T08:55:14.781030,1,0.9528322219848633,30.53460000000996
2026-02-11T08:55:14.832570,1,0.9998162388801575,33.40479999997115
2026-02-11T08:55:14.876958,1,0.9999821186065674,30.25710000019899
2026-02-11T08:55:14.916376,1,0.9999912977218628,31.350899999779358
2026-02-11T08:55:14.959273,1,0.9999955892562866,33.32559999989826
2026-02-11T08:55:15.003211,1,0.9997432827949524,31.692200000179582
2026-02-11T08:55:15.039065,1,0.9996083378791809,27.57629999996425
2026-02-11T08:55:15.073053,1,0.9999953508377075,26.52619999980743
2026-02-11T08:55:15.110279,1,0.9999892711639404,27.75389999987965
2026-02-11T08:55:15.146951,1,0.9999575614929199,27.789799999936804
2026-02-11T08:55:15.183623,1,0.9993009567260742,27.36289999984365
2026-02-11T08:55:15.222506,1,0.8786087036132812,27.88139999984196
2026-02-11T08:55:15.258001,1,0.9999984502792358,28.927699999712786
2026-02-11T08:55:15.293899,1,0.9999955892562866,27.21270000029108
2026-02-11T08:55:15.329396,1,0.9999580383300781,27.812400000129855
2026-02-11T08:55:15.365543,1,0.9999387264251709,27.80979999988631
2026-02-11T08:55:15.398878,1,0.9995912909507751,27.136700000028213
2026-02-11T08:55:15.436609,1,0.9999734163284302,27.499200000420387
2026-02-11T08:55:15.475110,1,0.9999948740005493,29.778500000247732
2026-02-11T08:55:15.514835,1,0.9991783499717712,28.728400000090915
2026-02-11T08:55:15.549897,1,0.9997159838676453,26.256499999817606
2026-02-11T08:55:15.585544,1,0.9992503523826599,25.579800000286923
2026-02-11T08:55:15.620742,1,0.9998263716697693,25.8853000000272
2026-02-11T08:55:15.659863,1,0.998039186000824,27.640600000268023
2026-02-11T08:55:15.697263,1,0.9999986886978149,27.486599999974715
2026-02-11T08:55:15.730450,1,0.9999520778656006,25.992500000029395
2026-02-11T08:55:15.765695,1,0.9999899864196777,25.85170000020298
2026-02-11T08:55:15.801771,1,0.9999945163726807,27.832300000227406
2026-02-11T08:55:15.839279,1,0.9999983310699463,29.386199999862583
2026-02-11T08:55:15.882969,1,0.9951249957084656,30.090900000232068
2026-02-11T08:55:15.920885,1,0.9999948740005493,29.208200000084616
2026-02-11T08:55:15.962188,1,0.9999603033065796,28.178899999602436
2026-02-11T08:55:16.003976,1,0.9999603033065796,27.87690000013754
2026-02-11T08:55:16.041334,1,0.9998375177383423,26.73419999973703
2026-02-11T08:55:16.080590,1,0.9998317956924438,27.005999999801134
2026-02-11T08:55:16.117361,1,0.999779999256134,28.989800000090327
2026-02-11T08:55:16.154050,1,0.9999275207519531,28.190600000016275
2026-02-11T08:55:16.191480,1,0.9998997449874878,27.669999999943684
2026-02-11T08:55:16.229567,1,0.9999828338623047,26.614400000198657
2026-02-11T08:55:16.265220,1,0.9999773502349854,26.99490000031801
2026-02-11T08:55:16.299005,1,0.9998574256896973,25.0716000000466
2026-02-11T08:55:16.331249,1,0.9999949932098389,23.778699999638775
2026-02-11T08:55:16.367315,1,0.9999934434890747,27.95300000025236
2026-02-11T08:55:16.401648,1,0.9999898672103882,26.521800000409712
2026-02-11T08:55:16.436788,1,0.9999188184738159,27.80159999974785
2026-02-11T08:55:16.471482,1,0.9999344348907471,27.634600000055798
2026-02-11T08:55:16.510038,1,0.9976636171340942,27.113099999951373
2026-02-11T08:55:16.549020,1,0.9996998310089111,27.55200000001423
2026-02-11T08:55:16.586375,1,0.9985042810440063,25.98790000001827
2026-02-11T08:55:16.624241,1,0.9988823533058167,28.246500000022934
2026-02-11T08:55:16.660415,1,0.9988823533058167,26.08379999992394
2026-02-11T08:55:16.694527,1,0.9999792575836182,24.428400000033434
2026-02-11T08:55:16.726754,1,0.9999192953109741,24.130600000262348
2026-02-11T08:55:16.763514,1,0.9992806315422058,26.541199999883247
2026-02-11T08:55:16.800921,1,0.9999747276306152,28.461200000037934
2026-02-11T08:55:16.835336,1,0.9999938011169434,27.676200000314566
2026-02-11T08:55:16.870294,1,0.9999740123748779,27.324900000166963
2026-02-11T08:55:16.908242,1,0.9985899329185486,28.210399999807123
2026-02-11T08:55:16.950443,1,0.9999872446060181,28.89869999989969
2026-02-11T08:55:16.990674,1,0.9980475902557373,28.466499999922235
2026-02-11T08:55:17.028664,1,0.7734618186950684,26.35680000003049
2026-02-11T08:55:17.068240,1,0.9992778897285461,28.971400000045833
2026-02-11T08:55:17.110766,1,0.9999974966049194,31.99670000003607
2026-02-11T08:55:17.154496,1,0.9999986886978149,30.018599999948492
2026-02-11T08:55:17.191976,1,0.9999949932098389,27.901500000098167
2026-02-11T08:55:17.227798,1,0.9999991655349731,27.095099999769445
2026-02-11T08:55:17.260931,1,0.9999940395355225,24.588199999925564
2026-02-11T08:55:17.304713,1,0.9953195452690125,26.12379999982295
2026-02-11T08:55:17.339664,1,0.9981460571289062,26.421200000186218
2026-02-11T08:55:17.379711,1,0.9970319271087646,28.087899999718502
2026-02-11T08:55:17.416935,1,0.9611706137657166,29.06140000004598
2026-02-11T08:55:17.452314,1,0.9999864101409912,28.340900000330294
2026-02-11T08:55:17.487247,1,0.9998509883880615,27.376099999855796
2026-02-11T08:55:17.520243,1,0.9999927282333374,26.316000000406348
2026-02-11T08:55:17.555524,1,0.9999884366989136,27.40540000013425
2026-02-11T08:55:17.597784,1,0.9996366500854492,30.170900000030088
2026-02-11T08:55:17.632904,1,0.9999879598617554,26.390799999717274
2026-02-11T08:55:17.675561,1,0.998980700969696,30.478099999982078
2026-02-11T08:55:17.712359,1,0.9999707937240601,28.623100000004342
2026-02-11T08:55:17.749704,1,0.9998747110366821,29.615699999794742
2026-02-11T08:55:17.791083,1,0.999834418296814,29.304899999715417
2026-02-11T08:55:17.829437,1,0.9999477863311768,28.492800000094576
2026-02-11T08:55:17.868880,1,0.9999667406082153,29.70000000004802
2026-02-11T08:55:17.908295,1,0.9988313317298889,25.123700000222016
2026-02-11T08:55:17.947443,1,0.9999898672103882,28.42030000010709
2026-02-11T08:55:17.992547,1,0.9999706745147705,29.148800000257324
2026-02-11T08:55:18.032868,1,0.9999765157699585,28.483199999755016
2026-02-11T08:55:18.074450,1,0.9999542236328125,30.54980000024443
2026-02-11T08:55:18.114936,1,0.9999822378158569,30.137499999909778
2026-02-11T08:55:18.162294,1,0.9991112351417542,28.529600000183564
2026-02-11T08:55:18.206069,1,0.9921412467956543,29.215000000021973
2026-02-11T08:55:18.255815,1,0.9983616471290588,29.679100000066683
2026-02-11T08:55:18.294289,1,0.9998733997344971,28.610200000002806
2026-02-11T08:55:18.329488,1,0.9999148845672607,27.70879999980025
2026-02-11T08:55:18.369247,1,0.5385250449180603,28.94930000002205
2026-02-11T08:55:18.405249,1,0.9999477863311768,29.715199999827746
2026-02-11T08:55:18.446684,1,0.9995978474617004,27.017800000066927
2026-02-11T08:55:18.486838,1,0.999910831451416,29.864200000247365
2026-02-11T08:55:18.522143,1,0.9999037981033325,27.17320000010659
2026-02-11T08:55:18.559531,1,0.9997875094413757,27.230900000176916
2026-02-11T08:55:18.600449,1,0.8764459490776062,27.727800000320713
2026-02-11T08:55:18.639336,1,0.9998347759246826,26.81059999986246
2026-02-11T08:55:18.684516,1,0.9301150441169739,28.142600000137463
2026-02-11T08:55:18.731667,0,0.9900683760643005,29.182599999785452
2026-02-11T08:55:18.774893,1,0.9998689889907837,27.74460000000545
2026-02-11T08:55:18.816546,1,0.994424045085907,28.030299999954877
2026-02-11T08:55:18.855470,1,0.9997885823249817,28.20289999999659
2026-02-11T08:55:18.893258,1,0.9999918937683105,27.2503000001052
2026-02-11T08:55:18.933431,1,0.999920129776001,28.04939999987255
2026-02-11T08:55:19.000666,1,0.9996968507766724,55.95420000008744
2026-02-11T08:55:19.040377,1,0.9999258518218994,29.927000000043336
2026-02-11T08:55:19.084016,1,0.999981164932251,30.917499999759457
2026-02-11T08:55:19.124954,1,0.9999692440032959,32.50320000006468
2026-02-11T08:55:19.168825,1,0.9867978692054749,30.508499999996275
2026-02-11T08:55:19.208653,1,0.9999799728393555,28.747699999712495
2026-02-11T08:55:19.246690,1,0.9999977350234985,26.743700000224635
2026-02-11T08:55:19.296646,1,0.9514957070350647,34.63019999981043
2026-02-11T08:55:19.338847,1,0.9761880040168762,27.894800000012765
2026-02-11T08:55:19.378058,1,0.9997573494911194,27.543400000013207
2026-02-11T08:55:19.412871,1,0.9998995065689087,27.556300000014744
2026-02-11T08:55:19.448042,1,0.9997645020484924,27.754499999900872
2026-02-11T08:55:19.482311,1,0.9998881816864014,26.639499999873806
2026-02-11T08:55:19.524981,1,0.9943206310272217,25.215099999968515
2026-02-11T08:55:19.567804,1,0.9752848148345947,26.000999999723717
2026-02-11T08:55:19.607142,1,0.9989964365959167,25.901799999701325
2026-02-11T08:55:19.641463,1,0.9999313354492188,26.347700000314944
2026-02-11T08:55:19.680415,1,0.999829888343811,26.8778999998176
2026-02-11T08:55:19.724466,1,0.9999297857284546,33.12829999958922
2026-02-11T08:55:19.760849,1,0.9999979734420776,28.910200000154873
2026-02-11T08:55:19.800457,1,0.9330738186836243,26.4857000001939
2026-02-11T08:55:19.834913,1,0.9999343156814575,25.161600000046747
2026-02-11T08:55:19.869273,1,0.999991774559021,26.4033999997082
2026-02-11T08:55:19.912347,1,0.905626654624939,26.29849999993894
2026-02-11T08:55:19.957144,1,0.9991039633750916,27.417499999955908
2026-02-11T08:55:20.003918,1,0.9997748732566833,28.87319999990723
2026-02-11T08:55:20.041064,1,0.9999788999557495,28.439600000183418
2026-02-11T08:55:20.076971,1,0.9918220639228821,28.23709999984203
2026-02-11T08:55:20.111157,1,0.9999943971633911,27.483200000006036
2026-02-11T08:55:20.144883,1,0.999101996421814,26.124800000161486
2026-02-11T08:55:20.179915,1,0.9986101388931274,26.112499999726424
2026-02-11T08:55:20.224745,1,0.9999759197235107,26.462500000434375
2026-02-11T08:55:20.261743,1,0.9987303614616394,28.471000000081403
2026-02-11T08:55:20.308403,1,0.9951299428939819,26.70669999997699
2026-02-11T08:55:20.353284,1,0.9989160299301147,28.769500000180415
2026-02-11T08:55:20.392780,1,0.9988755583763123,29.767900000024383
2026-02-11T08:55:20.430838,1,0.9996223449707031,27.390899999772955
2026-02-11T08:55:20.472551,1,0.9989380240440369,32.53230000018448
2026-02-11T08:55:20.520987,1,0.9885735511779785,28.082500000436994
2026-02-11T08:55:20.574568,1,0.9643310904502869,27.915200000279583
2026-02-11T08:55:20.620112,1,0.9988013505935669,29.09319999980653
2026-02-11T08:55:20.659555,1,0.999169111251831,29.423299999962182
2026-02-11T08:55:20.702268,1,0.9799608588218689,30.163400000219553
2026-02-11T08:55:20.741946,1,0.9898715615272522,24.88229999971736
2026-02-11T08:55:20.784473,1,0.9962196946144104,28.33229999987452
2026-02-11T08:55:20.820746,1,0.9999477863311768,25.893900000028225
2026-02-11T08:55:20.852804,1,0.9998243451118469,26.035999999749038
2026-02-11T08:55:20.887890,1,0.9818506836891174,25.843799999620387
2026-02-11T08:55:20.924574,1,0.9914379715919495,27.112900000247464
2026-02-11T08:55:20.974773,1,0.9140137434005737,27.410199999849283
2026-02-11T08:55:21.015288,1,0.9991340041160583,25.561299999935727
2026-02-11T08:55:21.070131,1,0.9889300465583801,27.848200000335055
2026-02-11T08:55:21.106215,1,0.9998641014099121,26.203999999779626
2026-02-11T08:55:21.139444,1,0.9996716976165771,26.321400000142603
2026-02-11T08:55:21.183401,1,0.9999582767486572,27.075999999851774
2026-02-11T08:55:21.229703,1,0.9999582767486572,29.121800000211806
2026-02-11T08:55:21.267566,1,0.9989884495735168,29.08030000025974
2026-02-11T08:55:21.330946,1,0.9996525049209595,55.90439999969021
2026-02-11T08:55:21.371871,1,0.9993504881858826,26.570400000309746
2026-02-11T08:55:21.420550,1,0.9997895359992981,31.27379999978075
2026-02-11T08:55:21.456109,1,0.9992207288742065,27.72820000018328
2026-02-11T08:55:21.491884,1,0.9989547729492188,26.586500000121305
2026-02-11T08:55:21.532597,1,0.9999051094055176,27.324599999701604
2026-02-11T08:55:21.572260,1,0.9999687671661377,29.681999999866093
2026-02-11T08:55:21.607311,1,0.9999933242797852,27.085100000022067
2026-02-11T08:55:21.648478,1,0.9993670582771301,27.018499999940104
2026-02-11T08:55:21.698235,1,0.9528306722640991,28.5014000000956
2026-02-11T08:55:21.736069,1,0.9996433258056641,25.18049999980576
2026-02-11T08:55:21.787772,1,0.9981076717376709,28.06369999962044
2026-02-11T08:55:21.825119,1,0.9953172206878662,27.933500000017375
2026-02-11T08:55:21.880829,1,0.992263674736023,27.745800000047893
2026-02-11T08:55:21.925952,1,0.999853253364563,30.87760000016715
2026-02-11T08:55:21.969648,1,0.9999771118164062,30.40519999967728
2026-02-11T08:55:22.017872,1,0.9967071413993835,28.521400000045105
2026-02-11T08:55:22.078901,1,0.9996275901794434,33.502799999951094
2026-02-11T08:55:22.119957,1,0.9805915951728821,32.49009999990449
2026-02-11T08:55:22.179044,1,0.9439671039581299,31.588900000315334
2026-02-11T08:55:22.220729,1,0.9997385144233704,32.99770000012359
2026-02-11T08:55:22.260586,1,0.9999755620956421,28.86450000005425
2026-02-11T08:55:22.306317,1,0.669389009475708,30.454700000063895
2026-02-11T08:55:22.360500,1,0.9999525547027588,34.49580000005881
2026-02-11T08:55:22.397975,1,0.9998394250869751,27.615200000127516
2026-02-11T08:55:22.436909,1,0.9505501389503479,24.507999999968888
2026-02-11T08:55:22.480204,1,0.9996198415756226,26.03579999959038
2026-02-11T08:55:22.518895,1,0.9999336004257202,27.84269999983735
2026-02-11T08:55:22.555878,1,0.9999940395355225,25.01110000002882
2026-02-11T08:55:22.591780,1,0.9999829530715942,25.835899999947287
2026-02-11T08:55:22.631414,1,0.9569529891014099,27.317699999912293
2026-02-11T08:55:22.667941,1,0.9992778897285461,26.038599999992584
2026-02-11T08:55:22.710421,1,0.9886870384216309,26.792800000293937
2026-02-11T08:55:22.742958,1,0.9999985694885254,26.208800000404153
2026-02-11T08:55:22.775033,1,0.9999805688858032,24.56160000019736
2026-02-11T08:55:22.806338,1,0.9995362758636475,23.19790000001376
2026-02-11T08:55:22.839452,1,0.9999699592590332,26.331300000038027
2026-02-11T08:55:22.875746,1,0.9999923706054688,27.5605000001633
2026-02-11T08:55:22.909143,1,0.9999995231628418,25.500499999907333
2026-02-11T08:55:22.940454,1,0.999996542930603,23.831699999846023
2026-02-11T08:55:22.983470,1,0.9705713987350464,26.090299999850686
2026-02-11T08:55:23.031018,1,0.9997500777244568,23.37230000011914
2026-02-11T08:55:23.082475,1,0.8373114466667175,23.72800000011921
2026-02-11T08:55:23.118377,1,0.9998830556869507,24.084200000288547
2026-02-11T08:55:23.151261,1,0.9998898506164551,24.260700000013458
2026-02-11T08:55:23.189238,1,0.9993294477462769,23.91089999991891
2026-02-11T08:55:23.226138,1,0.9998383522033691,25.15079999966474
2026-02-11T08:55:23.258230,1,0.9965308308601379,24.936699999670964
2026-02-11T08:55:23.291528,1,0.9995648264884949,24.45830000033311
2026-02-11T08:55:23.328349,1,0.9408966302871704,25.207900000168593
2026-02-11T08:55:23.366012,1,0.9986791014671326,24.396599999818136
2026-02-11T08:55:23.396345,1,0.9982155561447144,22.5681000001714
2026-02-11T08:55:23.442027,1,0.99936443567276,22.736800000075164
2026-02-11T08:55:23.475872,1,0.9998645782470703,24.848500000189233
2026-02-11T08:55:23.515288,1,0.9634538888931274,24.984700000004523
2026-02-11T08:55:23.545818,1,0.9997404217720032,22.740600000361155
2026-02-11T08:55:23.603140,1,0.998784601688385,24.57970000023124
2026-02-11T08:55:23.646161,1,0.9950441122055054,24.53689999993003
2026-02-11T08:55:23.682839,1,0.9762041568756104,24.174700000003213
2026-02-11T08:55:23.717132,1,0.9999388456344604,23.907000000235712
2026-02-11T08:55:23.761072,1,0.9998458623886108,22.799400000167225
2026-02-11T08:55:23.806646,1,0.9998875856399536,26.58309999969788
2026-02-11T08:55:23.840106,1,0.9978812336921692,24.816699999973935
2026-02-11T08:55:23.877932,1,0.9991990923881531,25.094699999954173
2026-02-11T08:55:23.920908,1,0.999765932559967,26.4446000001044
2026-02-11T08:55:23.966984,1,0.9839124083518982,24.886900000183232
2026-02-11T08:55:23.998837,1,0.9998152852058411,22.49290000008841
2026-02-11T08:55:24.039731,1,0.9592159390449524,24.746000000050117
2026-02-11T08:55:24.074139,1,0.9992891550064087,26.15719999994326
2026-02-11T08:55:24.109777,1,0.9979082345962524,23.947600000155944
2026-02-11T08:55:24.148235,1,0.9810314774513245,25.126800000180083
2026-02-11T08:55:24.189165,1,0.9268869757652283,24.905199999921024
2026-02-11T08:55:24.234610,1,0.9837422370910645,28.304599999955826
2026-02-11T08:55:24.277744,1,0.9998089671134949,27.047999999922467
2026-02-11T08:55:24.314765,1,0.999893069267273,23.602700000083132
2026-02-11T08:55:24.355593,1,0.9150981903076172,24.28230000032272
2026-02-11T08:55:24.393640,1,0.9951064586639404,24.489499999617692
2026-02-11T08:55:24.427691,1,0.9992399215698242,23.723899999822606
2026-02-11T08:55:24.463845,1,0.9978228807449341,27.400500000112515
2026-02-11T08:55:24.500017,1,0.9965171813964844,27.389100000164035
2026-02-11T08:55:24.537446,1,0.9997820258140564,27.759099999911996
2026-02-11T08:55:24.573221,1,0.9999775886535645,26.246099999752914
2026-02-11T08:55:24.609567,1,0.9959012866020203,25.381599999946047
2026-02-11T08:55:24.643312,1,0.9989307522773743,21.498199999768985
2026-02-11T08:55:24.679482,1,0.9999256134033203,27.872999999999593
2026-02-11T08:55:24.717141,1,0.9949091076850891,25.084200000037526
2026-02-11T08:55:24.748918,1,0.9996883869171143,24.300500000208558
2026-02-11T08:55:24.785810,1,0.9846447110176086,24.937300000146934
2026-02-11T08:55:24.821662,1,0.9993854761123657,27.626499999769294
2026-02-11T08:55:24.861055,1,0.9989272952079773,25.709700000334124
2026-02-11T08:55:24.903860,1,0.9981321692466736,25.218799999947805
2026-02-11T08:55:24.938629,1,0.9741696715354919,27.329900000040652
2026-02-11T08:55:24.973422,1,0.9994803071022034,24.684099999831233
2026-02-11T08:55:25.011369,1,0.9976819753646851,23.964300000443473
2026-02-11T08:55:25.051616,1,0.9880225658416748,26.780500000313623
2026-02-11T08:55:25.084497,1,0.9994908571243286,26.46420000019134
2026-02-11T08:55:25.118976,1,0.9950442314147949,26.079399999616726
2026-02-11T08:55:25.166887,1,0.9813313484191895,28.603900000234717
2026-02-11T08:55:25.209967,1,0.9992004036903381,27.516900000136957
2026-02-11T08:55:25.255814,1,0.9998534917831421,30.79170000000886
2026-02-11T08:55:25.285289,1,0.9968898892402649,22.539599999618076
2026-02-11T08:55:25.316201,1,0.9999551773071289,23.595799999839073
2026-02-11T08:55:25.352315,1,0.9900962114334106,25.298099999872647
2026-02-11T08:55:25.389985,1,0.9993160963058472,25.59289999999237
2026-02-11T08:55:25.422285,1,0.9990890026092529,27.404999999816937
2026-02-11T08:55:25.458026,1,0.999775230884552,30.08030000000872
2026-02-11T08:55:25.490040,1,0.9965747594833374,25.835599999936676
2026-02-11T08:55:25.524246,1,0.9997467398643494,27.611500000148226
2026-02-11T08:55:25.558436,1,0.999950647354126,29.20110000013665
2026-02-11T08:55:25.590584,1,0.99933260679245,25.682299999971292
2026-02-11T08:55:25.621477,1,0.9998090863227844,25.941299999885814
2026-02-11T08:55:25.654233,1,0.9977272152900696,25.398499999937485
2026-02-11T08:55:25.697347,1,0.997616171836853,26.344500000050175
2026-02-11T08:55:25.745136,1,0.80381178855896,27.814199999738776
2026-02-11T08:55:25.784946,1,0.9999926090240479,30.408300000090094
2026-02-11T08:55:25.820297,1,0.9999940395355225,27.143599999817525
2026-02-11T08:55:25.858100,1,0.9999592304229736,29.201000000284694
2026-02-11T08:55:25.895440,1,0.9999445676803589,26.28980000008596
2026-02-11T08:55:25.932844,1,0.999596893787384,24.954600000000937
2026-02-11T08:55:25.962456,1,0.9997442364692688,22.908299999926385
2026-02-11T08:55:25.992495,1,0.9984936714172363,23.439300000063668
2026-02-11T08:55:26.020764,1,0.9999390840530396,23.404500000197004
2026-02-11T08:55:26.054186,1,0.9999685287475586,26.579100000162725
2026-02-11T08:55:26.088082,1,0.9999865293502808,27.37619999970775
2026-02-11T08:55:26.118933,1,0.9997791647911072,24.82179999969958
2026-02-11T08:55:26.151773,1,0.9999186992645264,26.8713000000389
2026-02-11T08:55:26.186499,1,0.9999922513961792,28.024100000038743
2026-02-11T08:55:26.226604,1,0.9988466501235962,25.27799999961644
2026-02-11T08:55:26.279463,1,0.999896764755249,43.74409999991258
2026-02-11T08:55:26.313347,1,0.9999897480010986,24.56590000019787
2026-02-11T08:55:26.348555,1,0.9981891512870789,25.729999999839492
2026-02-11T08:55:26.382036,1,0.9999973773956299,26.97649999981877
2026-02-11T08:55:26.419401,1,0.9998970031738281,29.012999999849853
2026-02-11T08:55:26.451756,1,0.9999074935913086,25.416999999833934
2026-02-11T08:55:26.487481,1,0.9998632669448853,28.40509999987262
2026-02-11T08:55:26.523653,1,0.9999212026596069,29.270400000314112
2026-02-11T08:55:26.553741,1,0.9999966621398926,24.329100000159087
2026-02-11T08:55:26.586426,1,0.9999605417251587,26.674699999603035
2026-02-11T08:55:26.622032,1,0.999984622001648,26.320899999973335
2026-02-11T08:55:26.655450,1,0.9994943141937256,24.32150000004185
2026-02-11T08:55:26.686866,1,0.9999092817306519,25.029100000210747
2026-02-11T08:55:26.724271,1,0.9999963045120239,27.760399999806395
2026-02-11T08:55:26.761693,1,0.9999891519546509,27.343499999915366
2026-02-11T08:55:26.801648,1,0.9993650317192078,28.215000000272994
2026-02-11T08:55:26.845820,1,0.9999736547470093,30.892100000073697
2026-02-11T08:55:26.898913,1,0.664756178855896,30.25549999983923
2026-02-11T08:55:26.946335,1,0.9974974989891052,29.730600000220875
2026-02-11T08:55:26.991604,1,0.9914911389350891,32.413200000064535
2026-02-11T08:55:27.033623,1,0.9933711290359497,33.64719999990484
2026-02-11T08:55:27.083414,1,0.9998356103897095,34.97739999966143
2026-02-11T08:55:27.131215,1,0.999992847442627,36.619099999825266
2026-02-11T08:55:27.179745,1,0.9991625547409058,31.894100000045
2026-02-11T08:55:27.223350,1,0.999996542930603,33.06819999988875
2026-02-11T08:55:27.267858,1,0.9999955892562866,33.50319999981366
2026-02-11T08:55:27.313549,1,0.9998670816421509,33.433399999921676
2026-02-11T08:55:27.354097,1,0.9977669715881348,29.510599999866827
2026-02-11T08:55:27.396432,1,0.9999992847442627,32.0809999998346
2026-02-11T08:55:27.434895,1,0.9999982118606567,28.706699999929697
2026-02-11T08:55:27.471877,1,0.9978463649749756,28.25429999984408
2026-02-11T08:55:27.509730,1,0.9997109770774841,26.645899999948597
2026-02-11T08:55:27.547920,1,0.9999717473983765,29.33840000014243
2026-02-11T08:55:27.585513,1,0.9999986886978149,28.810999999677733
2026-02-11T08:55:27.623532,1,0.9999691247940063,30.46150000000125
2026-02-11T08:55:27.666668,1,0.9998923540115356,31.76709999979721
2026-02-11T08:55:27.706719,1,0.9999953508377075,28.8922999998249
2026-02-11T08:55:27.742906,1,0.999954342842102,25.189699999828008
2026-02-11T08:55:27.781482,1,0.9999607801437378,26.711599999998725
2026-02-11T08:55:27.863025,1,0.9996994733810425,56.60269999998491
2026-02-11T08:55:27.916519,1,0.9987370371818542,33.79739999991216
2026-02-11T08:55:27.972132,1,0.9817216396331787,28.378299999985757
